createdAt,userName,action,entityType,entityId,description
2026-09-15T15:10:40.835Z,Super Admin,auth.login,Auth,cmtqv9to20000jv4ssyxfce20,"""Super Admin"" login"
2026-09-15T14:58:35.075Z,Rafif,auth.login,Auth,cmtr1g3d0000djvs018il0b8i,"""Rafif"" login"
2026-09-15T13:26:56.784Z,Super Admin,sop.create,SOP,cmu2phfyd001qrm01kdmtgvjt,"Membuat SOP ""sadasd"""
2026-09-15T13:26:45.585Z,Super Admin,workflow.create,Workflow,cmu2ph7ax001mrm01zml6o7u2,"Membuat workflow ""tes"""
2026-09-15T12:49:32.502Z,Super Admin,auth.login,Auth,cmtqv9to20000jv4ssyxfce20,"""Super Admin"" login"
2026-09-15T12:49:04.379Z,Super Admin,auth.login,Auth,cmtqv9to20000jv4ssyxfce20,"""Super Admin"" login"
2026-09-15T12:48:28.941Z,Rafif,auth.login,Auth,cmtr1g3d0000djvs018il0b8i,"""Rafif"" login"
2026-09-15T12:47:39.964Z,Super Admin,user.create,User,cmu2o2xf40016rm01llgwm37x,"Membuat akun user ""taufiq"" (taufiq@vortecsystem.com)"
2026-09-15T12:47:13.130Z,Super Admin,user.delete,User,cmu2o2122000vrm01hm4f3nev,"Menghapus akun user ""taufiq"""
2026-09-15T12:46:58.028Z,Super Admin,user.create,User,cmu2o2122000vrm01hm4f3nev,"Membuat akun user ""taufiq"" (taufiq@vortecsystem)"
2026-09-15T12:46:18.731Z,Rafif,auth.login,Auth,cmtr1g3d0000djvs018il0b8i,"""Rafif"" login"
2026-09-15T12:45:26.373Z,Rafif,auth.login,Auth,cmtr1g3d0000djvs018il0b8i,"""Rafif"" login"
2026-09-15T12:45:25.721Z,Super Admin,user.update,User,cmtr1g3eh000ujvs05wfkt6wm,"Mengubah akun user ""Agan"""
2026-09-15T12:45:24.834Z,Super Admin,user.update,User,cmtr1g3eh000ujvs05wfkt6wm,"Mengubah akun user ""Agan"""
2026-09-15T12:44:50.654Z,Rafif,auth.login,Auth,cmtr1g3d0000djvs018il0b8i,"""Rafif"" login"
2026-09-15T12:28:28.398Z,Super Admin,auth.login,Auth,cmtqv9to20000jv4ssyxfce20,"""Super Admin"" login"
2026-09-15T12:13:25.488Z,Angga,auth.login,Auth,cmtqvqnhc0001jvf0xqwkav66,"""Angga"" login"
2026-09-15T12:13:14.930Z,Angga,auth.loginFailed,Auth,cmtqvqnhc0001jvf0xqwkav66,"Percobaan login gagal (password salah) untuk ""Angga"""
2026-09-15T12:03:03.936Z,Super Admin,project.delete,Project,cmu0uj90u0005rm01h7ggk56i,"Menghapus project ""Testing Prima"" beserta seluruh task dan dokumennya"
2026-09-15T11:56:29.623Z,Super Admin,auth.login,Auth,cmtqv9to20000jv4ssyxfce20,"""Super Admin"" login"
2026-09-15T11:56:13.835Z,Super Admin,auth.loginFailed,Auth,cmtqv9to20000jv4ssyxfce20,"Percobaan login gagal (password salah) untuk ""Super Admin"""
2026-09-15T11:56:07.933Z,Wisnuazi,auth.loginFailed,Auth,cmtr1g3eu000yjvs0h7y7a2tl,"Percobaan login gagal (password salah) untuk ""Wisnuazi"""
2026-09-14T10:32:49.546Z,Rafif,auth.login,Auth,cmtr1g3d0000djvs018il0b8i,"""Rafif"" login"
2026-09-14T10:32:33.180Z,Super Admin,auth.login,Auth,cmtqv9to20000jv4ssyxfce20,"""Super Admin"" login"
2026-09-14T07:27:02.250Z,Wisnuazi,auth.login,Auth,cmtr1g3eu000yjvs0h7y7a2tl,"""Wisnuazi"" login"
2026-09-14T07:19:45.793Z,Super Admin,auth.loginFailed,Auth,cmtqv9to20000jv4ssyxfce20,"Percobaan login gagal (password salah) untuk ""Super Admin"""
2026-09-14T07:19:34.674Z,Tarmono,auth.loginFailed,Auth,cmtr1g3e4000qjvs0qkxak1vt,"Percobaan login gagal (password salah) untuk ""Tarmono"""
2026-09-14T07:19:16.828Z,Wisnuazi,auth.login,Auth,cmtr1g3eu000yjvs0h7y7a2tl,"""Wisnuazi"" login"
2026-09-14T07:05:40.977Z,Angga,auth.login,Auth,cmtqvqnhc0001jvf0xqwkav66,"""Angga"" login"
2026-09-14T07:05:09.725Z,Firman,task.statusChange,Task,cmu0umscu000irm01cp08230w,"Mengubah status task ""BOM"" (project ""Testing Prima"") menjadi TODO"
2026-09-14T07:03:00.582Z,Firman,task.statusChange,Task,cmu0umscu000irm01cp08230w,"Mengubah status task ""BOM"" (project ""Testing Prima"") menjadi TODO"
2026-09-14T06:50:54.406Z,Firman,auth.login,Auth,cmtr1g3fg0011jvs00u4a8s3q,"""Firman"" login"
2026-09-14T06:50:50.336Z,Dirga,auth.loginFailed,Auth,cmtr1g3fu0015jvs0u5ztl62b,"Percobaan login gagal (password salah) untuk ""Dirga"""
2026-09-14T06:50:41.099Z,Angga,auth.login,Auth,cmtqvqnhc0001jvf0xqwkav66,"""Angga"" login"
2026-09-14T06:50:32.653Z,Wisnuazi,auth.loginFailed,Auth,cmtr1g3eu000yjvs0h7y7a2tl,"Percobaan login gagal (password salah) untuk ""Wisnuazi"""
2026-09-14T06:49:58.481Z,Wisnuazi,auth.loginFailed,Auth,cmtr1g3eu000yjvs0h7y7a2tl,"Percobaan login gagal (password salah) untuk ""Wisnuazi"""
2026-09-14T06:49:51.618Z,Super Admin,auth.loginFailed,Auth,cmtqv9to20000jv4ssyxfce20,"Percobaan login gagal (password salah) untuk ""Super Admin"""
2026-09-14T06:33:37.298Z,Angga,auth.login,Auth,cmtqvqnhc0001jvf0xqwkav66,"""Angga"" login"
2026-09-14T06:31:19.782Z,Wisnuazi,materialRequest.unlock,Project,cmu0uj90u0005rm01h7ggk56i,"Unlock pengajuan Bahan Baku project ""Testing Prima"""
2026-09-14T06:29:42.974Z,Wisnuazi,auth.login,Auth,cmtr1g3eu000yjvs0h7y7a2tl,"""Wisnuazi"" login"
2026-09-14T06:25:56.896Z,Angga,materialRequest.lock,Project,cmu0uj90u0005rm01h7ggk56i,"Lock pengajuan Bahan Baku project ""Testing Prima"""
2026-09-14T06:25:44.466Z,Angga,auth.login,Auth,cmtqvqnhc0001jvf0xqwkav66,"""Angga"" login"
2026-09-14T06:25:13.156Z,Rafif,materialRequest.process,MaterialRequest,cmu0uvi3b0035rm01y03sqvsq,"Memproses pengajuan ""Mechanical 1"" (project ""Testing Prima"") menjadi COMPLETED"
2026-09-14T06:25:11.957Z,Rafif,materialRequest.process,MaterialRequest,cmu0uwb14003erm01t2by82bp,"Memproses pengajuan ""Software Pendukung"" (project ""Testing Prima"") menjadi COMPLETED"
2026-09-14T06:25:03.501Z,Rafif,auth.login,Auth,cmtr1g3d0000djvs018il0b8i,"""Rafif"" login"
2026-09-14T06:24:36.467Z,Wisnuazi,auth.login,Auth,cmtr1g3eu000yjvs0h7y7a2tl,"""Wisnuazi"" login"
2026-09-14T06:24:12.240Z,Angga,materialRequest.unlock,Project,cmu0uj90u0005rm01h7ggk56i,"Unlock pengajuan Bahan Baku project ""Testing Prima"""
2026-09-14T06:24:10.975Z,Angga,materialRequest.lock,Project,cmu0uj90u0005rm01h7ggk56i,"Lock pengajuan Bahan Baku project ""Testing Prima"""
2026-09-14T06:23:46.462Z,Angga,auth.login,Auth,cmtqvqnhc0001jvf0xqwkav66,"""Angga"" login"
2026-09-14T06:23:31.273Z,Rafif,materialRequest.process,MaterialRequest,cmu0uvi3b0035rm01y03sqvsq,"Memproses pengajuan ""Mechanical 1"" (project ""Testing Prima"") menjadi PROCESSING"
2026-09-14T06:23:30.535Z,Rafif,materialRequest.process,MaterialRequest,cmu0uwb14003erm01t2by82bp,"Memproses pengajuan ""Software Pendukung"" (project ""Testing Prima"") menjadi PROCESSING"
2026-09-14T06:23:04.586Z,Rafif,auth.login,Auth,cmtr1g3d0000djvs018il0b8i,"""Rafif"" login"
2026-09-14T06:22:58.941Z,Angga,materialRequest.review,MaterialRequest,cmu0uvi3b0035rm01y03sqvsq,"Menyetujui pengajuan ""Mechanical 1"" (project ""Testing Prima"")"
2026-09-14T06:22:58.157Z,Angga,materialRequest.review,MaterialRequest,cmu0uwb14003erm01t2by82bp,"Menyetujui pengajuan ""Software Pendukung"" (project ""Testing Prima"")"
2026-09-14T06:22:55.978Z,Angga,materialRequest.submit,MaterialRequest,,"Mengajukan bahan baku ""Software Pendukung"" untuk project ""Testing Prima"" (SBOM)"
2026-09-14T06:22:18.495Z,Angga,materialRequest.submit,MaterialRequest,,"Mengajukan bahan baku ""Mechanical 1"" untuk project ""Testing Prima"" (MBOM)"
2026-09-14T06:20:52.025Z,Angga,auth.login,Auth,cmtqvqnhc0001jvf0xqwkav66,"""Angga"" login"
2026-09-14T06:20:38.569Z,Wisnuazi,auth.login,Auth,cmtr1g3eu000yjvs0h7y7a2tl,"""Wisnuazi"" login"
2026-09-14T06:20:08.336Z,Tarmono,auth.loginFailed,Auth,cmtr1g3e4000qjvs0qkxak1vt,"Percobaan login gagal (password salah) untuk ""Tarmono"""
2026-09-14T06:20:05.298Z,Dirga,auth.loginFailed,Auth,cmtr1g3fu0015jvs0u5ztl62b,"Percobaan login gagal (password salah) untuk ""Dirga"""
2026-09-14T06:19:57.140Z,Dirga,auth.loginFailed,Auth,cmtr1g3fu0015jvs0u5ztl62b,"Percobaan login gagal (password salah) untuk ""Dirga"""
2026-09-14T06:19:54.245Z,Dirga,auth.loginFailed,Auth,cmtr1g3fu0015jvs0u5ztl62b,"Percobaan login gagal (password salah) untuk ""Dirga"""
2026-09-14T06:19:30.223Z,Angga,task.statusChange,Task,cmu0uks6g000arm01xwus73h7,"Mengubah status task ""Requirement Intake"" (project ""Testing Prima"") menjadi TODO"
2026-09-14T06:19:28.761Z,Angga,task.statusChange,Task,cmu0uks6g000arm01xwus73h7,"Mengubah status task ""Requirement Intake"" (project ""Testing Prima"") menjadi IN_PROGRESS"
2026-09-14T06:19:24.792Z,Angga,task.statusChange,Task,cmu0uks6g000arm01xwus73h7,"Mengubah status task ""Requirement Intake"" (project ""Testing Prima"") menjadi TODO"
2026-09-14T06:18:51.531Z,Angga,task.statusChange,Task,cmu0ulnfz000drm01x3xf44l1,"Mengubah status task ""PRD Devinition"" (project ""Testing Prima"") menjadi TODO"
2026-09-14T06:18:50.680Z,Angga,task.statusChange,Task,cmu0uks6g000arm01xwus73h7,"Mengubah status task ""Requirement Intake"" (project ""Testing Prima"") menjadi TODO"
2026-09-14T06:18:49.807Z,Angga,task.statusChange,Task,cmu0ulnfz000drm01x3xf44l1,"Mengubah status task ""PRD Devinition"" (project ""Testing Prima"") menjadi IN_PROGRESS"
2026-09-14T06:18:48.482Z,Angga,task.statusChange,Task,cmu0uks6g000arm01xwus73h7,"Mengubah status task ""Requirement Intake"" (project ""Testing Prima"") menjadi IN_PROGRESS"
2026-09-14T06:18:45.030Z,Angga,task.statusChange,Task,cmu0uks6g000arm01xwus73h7,"Mengubah status task ""Requirement Intake"" (project ""Testing Prima"") menjadi TODO"
2026-09-14T06:18:43.933Z,Angga,task.statusChange,Task,cmu0uks6g000arm01xwus73h7,"Mengubah status task ""Requirement Intake"" (project ""Testing Prima"") menjadi IN_PROGRESS"
2026-09-14T06:18:41.798Z,Angga,task.statusChange,Task,cmu0uks6g000arm01xwus73h7,"Mengubah status task ""Requirement Intake"" (project ""Testing Prima"") menjadi TODO"
2026-09-14T06:18:19.693Z,Angga,subtask.create,Subtask,,"Menambahkan subtask ""QC List"" pada task ""Design Product"""
2026-09-14T06:18:13.272Z,Angga,subtask.create,Subtask,,"Menambahkan subtask ""Electrical Design"" pada task ""Design Product"""
2026-09-14T06:18:04.995Z,Angga,subtask.create,Subtask,,"Menambahkan subtask ""Software Design"" pada task ""Design Product"""
2026-09-14T06:17:27.359Z,Angga,subtask.create,Subtask,,"Menambahkan subtask ""Mechanical Design"" pada task ""Design Product"""
2026-09-14T06:17:09.622Z,Angga,task.create,Task,,"Menambahkan task ""Design Product"" di stage DESIGN pada project ""Testing Prima"""
2026-09-14T06:15:57.612Z,Angga,subtask.update,Subtask,cmu0umzhd000mrm0164i35se3,"Menandai subtask ""MBOM"" (task ""BOM"") sebagai belum selesai"
2026-09-14T06:15:55.921Z,Angga,subtask.update,Subtask,cmu0umzhd000mrm0164i35se3,"Menandai subtask ""MBOM"" (task ""BOM"") sebagai selesai"
2026-09-14T06:15:50.687Z,Angga,subtask.create,Subtask,,"Menambahkan subtask ""SBOM"" pada task ""BOM"""
2026-09-14T06:15:47.743Z,Angga,subtask.create,Subtask,,"Menambahkan subtask ""EBOM"" pada task ""BOM"""
2026-09-14T06:15:44.297Z,Angga,subtask.create,Subtask,,"Menambahkan subtask ""QBOM"" pada task ""BOM"""
2026-09-14T06:15:41.108Z,Angga,subtask.create,Subtask,,"Menambahkan subtask ""MBOM"" pada task ""BOM"""
2026-09-14T06:15:31.869Z,Angga,task.create,Task,,"Menambahkan task ""BOM"" di stage REQUIREMENT pada project ""Testing Prima"""
2026-09-14T06:14:38.859Z,Angga,task.create,Task,,"Menambahkan task ""PRD Devinition"" di stage REQUIREMENT pada project ""Testing Prima"""
2026-09-14T06:13:58.349Z,Angga,task.create,Task,,"Menambahkan task ""Requirement Intake"" di stage REQUIREMENT pada project ""Testing Prima"""
2026-09-14T06:12:55.966Z,Angga,auth.login,Auth,cmtqvqnhc0001jvf0xqwkav66,"""Angga"" login"
2026-09-14T06:12:46.996Z,Wisnuazi,project.create,Project,cmu0uj90u0005rm01h7ggk56i,"Membuat project ""Testing Prima"""
2026-09-14T05:12:10.188Z,Wisnuazi,auth.login,Auth,cmtr1g3eu000yjvs0h7y7a2tl,"""Wisnuazi"" login"
2026-09-14T03:50:34.985Z,Kia,auth.login,Auth,cmtr1g3dr000njvs0n1qlg4tf,"""Kia"" login"
2026-09-14T02:48:35.905Z,Wisnuazi,auth.login,Auth,cmtr1g3eu000yjvs0h7y7a2tl,"""Wisnuazi"" login"
2026-09-14T02:38:41.946Z,Super Admin,auth.loginFailed,Auth,cmtqv9to20000jv4ssyxfce20,"Percobaan login gagal (password salah) untuk ""Super Admin"""
2026-09-14T02:38:31.979Z,Super Admin,auth.loginFailed,Auth,cmtqv9to20000jv4ssyxfce20,"Percobaan login gagal (password salah) untuk ""Super Admin"""
2026-09-14T02:38:20.448Z,Super Admin,auth.loginFailed,Auth,cmtqv9to20000jv4ssyxfce20,"Percobaan login gagal (password salah) untuk ""Super Admin"""
2026-09-14T02:38:12.500Z,Super Admin,auth.loginFailed,Auth,cmtqv9to20000jv4ssyxfce20,"Percobaan login gagal (password salah) untuk ""Super Admin"""
2026-09-14T02:37:56.369Z,Wisnuazi,auth.login,Auth,cmtr1g3eu000yjvs0h7y7a2tl,"""Wisnuazi"" login"
2026-09-14T02:37:32.961Z,Wisnuazi,auth.login,Auth,cmtr1g3eu000yjvs0h7y7a2tl,"""Wisnuazi"" login"
2026-09-14T02:32:24.648Z,Rafif,auth.login,Auth,cmtr1g3d0000djvs018il0b8i,"""Rafif"" login"
2026-09-13T16:08:32.024Z,Wisnuazi,project.delete,Project,cmtzd5eug002hmp0106p4v560,"Menghapus project ""Prima 2"" beserta seluruh task dan dokumennya"
2026-09-13T16:08:23.911Z,Wisnuazi,project.delete,Project,cmts8vleb001wjvrs319cc5sk,"Menghapus project ""Project Prima"" beserta seluruh task dan dokumennya"
2026-09-13T16:08:16.068Z,Wisnuazi,project.delete,Project,cmtzd2v580001mp019gzmswgw,"Menghapus project ""Test Project"" beserta seluruh task dan dokumennya"
2026-09-13T16:08:02.201Z,Wisnuazi,auth.login,Auth,cmtr1g3eu000yjvs0h7y7a2tl,"""Wisnuazi"" login"
2026-09-13T16:07:29.944Z,Rafif,auth.login,Auth,cmtr1g3d0000djvs018il0b8i,"""Rafif"" login"
2026-09-13T16:06:58.505Z,Wisnuazi,materialRequest.review,MaterialRequest,cmu008sxs000arm01gmmd23kh,"Menyetujui pengajuan ""qw"" (project ""Prima 2"")"
2026-09-13T16:06:57.071Z,Wisnuazi,materialRequest.review,MaterialRequest,cmu008jin0005rm01mej2fycn,"Menyetujui pengajuan ""asdas"" (project ""Prima 2"")"
2026-09-13T16:06:43.722Z,Wisnuazi,auth.login,Auth,cmtr1g3eu000yjvs0h7y7a2tl,"""Wisnuazi"" login"
2026-09-13T16:04:50.966Z,Tarmono,materialRequest.submit,MaterialRequest,,"Mengajukan bahan baku ""qw"" untuk project ""Prima 2"" (MBOM)"
2026-09-13T16:04:38.773Z,Tarmono,materialRequest.submit,MaterialRequest,,"Mengajukan bahan baku ""asdas"" untuk project ""Prima 2"" (MBOM)"
2026-09-13T16:03:28.840Z,Tarmono,auth.login,Auth,cmtr1g3e4000qjvs0qkxak1vt,"""Tarmono"" login"
2026-09-13T16:03:27.572Z,Dirga,auth.login,Auth,cmtr1g3fu0015jvs0u5ztl62b,"""Dirga"" login"
2026-09-13T15:59:37.018Z,Tarmono,auth.login,Auth,cmtr1g3e4000qjvs0qkxak1vt,"""Tarmono"" login"
2026-09-13T15:59:36.159Z,Dirga,auth.login,Auth,cmtr1g3fu0015jvs0u5ztl62b,"""Dirga"" login"
2026-09-13T15:56:34.207Z,Tarmono,auth.login,Auth,cmtr1g3e4000qjvs0qkxak1vt,"""Tarmono"" login"
2026-09-13T15:56:01.650Z,Dirga,auth.login,Auth,cmtr1g3fu0015jvs0u5ztl62b,"""Dirga"" login"
2026-09-13T15:55:54.542Z,Angga,materialRequest.unlock,Project,cmtzd5eug002hmp0106p4v560,"Unlock pengajuan Bahan Baku project ""Prima 2"""
2026-09-13T15:55:48.202Z,Angga,auth.login,Auth,cmtqvqnhc0001jvf0xqwkav66,"""Angga"" login"
2026-09-13T15:55:33.941Z,Dirga,auth.login,Auth,cmtr1g3fu0015jvs0u5ztl62b,"""Dirga"" login"
2026-09-13T15:55:16.591Z,Angga,auth.login,Auth,cmtqvqnhc0001jvf0xqwkav66,"""Angga"" login"
2026-09-13T15:54:42.000Z,Dirga,auth.login,Auth,cmtr1g3fu0015jvs0u5ztl62b,"""Dirga"" login"
2026-09-13T15:54:33.886Z,Angga,materialRequest.lock,Project,cmtzd5eug002hmp0106p4v560,"Lock pengajuan Bahan Baku project ""Prima 2"""
2026-09-13T15:49:40.103Z,Angga,materialRequest.review,MaterialRequest,cmtzzp5o6000rt101ftfscl7q,"Menyetujui pengajuan ""asdasd"" (project ""Project Prima"")"
2026-09-13T15:49:34.369Z,Angga,materialRequest.submit,MaterialRequest,,"Mengajukan bahan baku ""asdasd"" untuk project ""Project Prima"""
2026-09-13T15:41:59.909Z,Angga,document.revision,ProjectDocument,cmtzd5eug002kmp01qjrfd4wg,Mengembalikan dokumen checklist project untuk direvisi
2026-09-13T15:41:45.930Z,Angga,materialRequest.review,MaterialRequest,cmtzyn4du0008t101tazt4xu9,"Menyetujui pengajuan ""DEC-068 smoke bad"" (project ""Prima 2"")"
2026-09-13T15:41:45.227Z,Angga,materialRequest.review,MaterialRequest,cmtzyn49l0003t101o3twme10,"Menyetujui pengajuan ""DEC-068 smoke pengajuan"" (project ""Prima 2"")"
2026-09-13T15:41:38.461Z,Angga,auth.login,Auth,cmtqvqnhc0001jvf0xqwkav66,"""Angga"" login"
2026-09-13T15:41:14.713Z,Dirga,auth.login,Auth,cmtr1g3fu0015jvs0u5ztl62b,"""Dirga"" login"
2026-09-13T15:20:34.113Z,Super Admin,materialRequest.unlock,Project,cmtzd5eug002hmp0106p4v560,"Unlock pengajuan Bahan Baku project ""Prima 2"""
2026-09-13T15:20:33.989Z,Super Admin,materialRequest.lock,Project,cmtzd5eug002hmp0106p4v560,"Lock pengajuan Bahan Baku project ""Prima 2"""
2026-09-13T15:19:59.758Z,Super Admin,materialRequest.submit,MaterialRequest,,"Mengajukan bahan baku ""DEC-068 smoke bad"" untuk project ""Prima 2"" (QBOM)"
2026-09-13T15:19:59.622Z,Super Admin,materialRequest.submit,MaterialRequest,,"Mengajukan bahan baku ""DEC-068 smoke pengajuan"" untuk project ""Prima 2"" (MBOM)"
2026-09-13T15:16:01.540Z,Super Admin,auth.login,Auth,cmtqv9to20000jv4ssyxfce20,"""Super Admin"" login"
2026-09-13T15:00:12.383Z,Angga,materialRequest.review,MaterialRequest,cmtzxw5z3001gmc01rbex3r96,"Menyetujui pengajuan ""rghrhrg"" (project ""Prima 2"")"
2026-09-13T15:00:11.530Z,Angga,materialRequest.review,MaterialRequest,cmtzxvr91001bmc01pl3bod0s,"Menyetujui pengajuan ""asdasfa"" (project ""Prima 2"")"
2026-09-13T14:59:58.421Z,Angga,auth.login,Auth,cmtqvqnhc0001jvf0xqwkav66,"""Angga"" login"
2026-09-13T14:59:38.330Z,Rafif,materialRequest.process,MaterialRequest,cmtzkbo55000vpl01pki760vo,"Memproses pengajuan ""asdsaff"" (project ""Prima 2"") menjadi COMPLETED"
2026-09-13T14:59:37.538Z,Rafif,materialRequest.process,MaterialRequest,cmtzkbscp0010pl01w39p3648,"Memproses pengajuan ""asfsaf"" (project ""Prima 2"") menjadi COMPLETED"
2026-09-13T14:59:32.917Z,Rafif,materialRequest.process,MaterialRequest,cmtzkbo55000vpl01pki760vo,"Memproses pengajuan ""asdsaff"" (project ""Prima 2"") menjadi PROCESSING"
2026-09-13T14:59:31.256Z,Rafif,materialRequest.process,MaterialRequest,cmtzkbscp0010pl01w39p3648,"Memproses pengajuan ""asfsaf"" (project ""Prima 2"") menjadi PROCESSING"
2026-09-13T14:59:17.853Z,Rafif,auth.login,Auth,cmtr1g3d0000djvs018il0b8i,"""Rafif"" login"
2026-09-13T14:59:02.106Z,Dirga,materialRequest.submit,MaterialRequest,,"Mengajukan bahan baku ""rghrhrg"" untuk project ""Prima 2"""
2026-09-13T14:58:43.023Z,Dirga,materialRequest.submit,MaterialRequest,,"Mengajukan bahan baku ""asdasfa"" untuk project ""Prima 2"""
2026-09-13T14:58:21.871Z,Dirga,auth.login,Auth,cmtr1g3fu0015jvs0u5ztl62b,"""Dirga"" login"
2026-09-13T14:57:29.160Z,Angga,document.approved,ProjectDocument,cmtzd5eug002kmp01qjrfd4wg,Menyetujui dokumen checklist project
2026-09-13T14:57:27.487Z,Angga,document.revision,ProjectDocument,cmtzd5eug002kmp01qjrfd4wg,Mengembalikan dokumen checklist project untuk direvisi
2026-09-13T14:57:23.343Z,Angga,document.approved,ProjectDocument,cmtzd5eug002kmp01qjrfd4wg,Menyetujui dokumen checklist project
2026-09-13T14:49:23.369Z,Angga,document.revision,ProjectDocument,cmtzd5eug002kmp01qjrfd4wg,Mengembalikan dokumen checklist project untuk direvisi
2026-09-13T14:49:21.917Z,Angga,document.approved,ProjectDocument,cmtzd5eug002kmp01qjrfd4wg,Menyetujui dokumen checklist project
2026-09-13T14:47:55.206Z,Angga,auth.login,Auth,cmtqvqnhc0001jvf0xqwkav66,"""Angga"" login"
2026-09-13T14:47:34.316Z,Tarmono,auth.login,Auth,cmtr1g3e4000qjvs0qkxak1vt,"""Tarmono"" login"
2026-09-13T14:45:52.853Z,Tarmono,auth.login,Auth,cmtr1g3e4000qjvs0qkxak1vt,"""Tarmono"" login"
2026-09-13T14:42:05.226Z,Super Admin,project.bomClosed,Project,cmtzd5eug002hmp0106p4v560,"Close BOM project ""Prima 2"" — 1 rekap Excel ter-generate"
2026-09-13T14:42:04.300Z,Super Admin,bomItem.purchasingUpdate,BomItem,cmtzxac8x0003mc01tog4zo46,"Memperbarui status pembelian item MBOM ""DEC-067 smoke test item"" (project ""Prima 2"") menjadi Sudah Sampai"
2026-09-13T14:42:04.163Z,Super Admin,bomItem.purchasingUpdate,BomItem,cmtzxac8x0003mc01tog4zo46,"Memperbarui status pembelian item MBOM ""DEC-067 smoke test item"" (project ""Prima 2"") menjadi Diproses"
2026-09-13T14:42:04.015Z,Super Admin,bomItem.review,BomItem,cmtzxac8x0003mc01tog4zo46,"Menyetujui item MBOM ""DEC-067 smoke test item"" (project ""Prima 2"")"
2026-09-13T14:42:03.850Z,Super Admin,bomItem.create,BomItem,cmtzxac8x0003mc01tog4zo46,"Mengajukan item MBOM ""DEC-067 smoke test item"" (project ""Prima 2"")"
2026-09-13T09:21:40.697Z,Super Admin,auth.login,Auth,cmtqv9to20000jv4ssyxfce20,"""Super Admin"" login"
2026-09-13T08:42:30.697Z,Rafif,auth.login,Auth,cmtr1g3d0000djvs018il0b8i,"""Rafif"" login"
2026-09-13T08:40:29.240Z,Wisnuazi,auth.login,Auth,cmtr1g3eu000yjvs0h7y7a2tl,"""Wisnuazi"" login"
2026-09-13T08:40:09.380Z,Rafif,auth.login,Auth,cmtr1g3d0000djvs018il0b8i,"""Rafif"" login"
2026-09-13T08:40:02.878Z,Angga,materialRequest.review,MaterialRequest,cmtzkbscp0010pl01w39p3648,"Menyetujui pengajuan ""asfsaf"" (project ""Prima 2"")"
2026-09-13T08:40:01.874Z,Angga,materialRequest.review,MaterialRequest,cmtzkbo55000vpl01pki760vo,"Menyetujui pengajuan ""asdsaff"" (project ""Prima 2"")"
2026-09-13T08:39:35.023Z,Angga,auth.login,Auth,cmtqvqnhc0001jvf0xqwkav66,"""Angga"" login"
2026-09-13T08:39:16.327Z,Dirga,materialRequest.submit,MaterialRequest,,"Mengajukan bahan baku ""asfsaf"" untuk project ""Prima 2"""
2026-09-13T08:39:10.883Z,Dirga,materialRequest.submit,MaterialRequest,,"Mengajukan bahan baku ""asdsaff"" untuk project ""Prima 2"""
2026-09-13T08:38:44.407Z,Dirga,auth.login,Auth,cmtr1g3fu0015jvs0u5ztl62b,"""Dirga"" login"
2026-09-13T08:33:34.257Z,Wisnuazi,sop.create,SOP,cmtzk4gf7000ppl01xlkqxnmg,"Membuat SOP ""1"""
2026-09-13T08:33:08.929Z,Wisnuazi,workflow.create,Workflow,cmtzk3wvp000lpl01gqjets63,"Membuat workflow ""1"""
2026-09-13T08:32:51.313Z,Wisnuazi,auth.login,Auth,cmtr1g3eu000yjvs0h7y7a2tl,"""Wisnuazi"" login"
2026-09-13T08:31:51.126Z,Super Admin,sop.delete,SOP,cmtzjtixd0009pl01q170tprr,"Menghapus SOP ""Smoke Test SOP"""
2026-09-13T08:31:51.031Z,Super Admin,workflow.delete,Workflow,cmtzjtisy0005pl010m0m9sse,"Menghapus workflow ""Smoke Test Workflow (renamed)"""
2026-09-13T08:31:50.918Z,Super Admin,workflow.update,Workflow,cmtzjtisy0005pl010m0m9sse,"Memperbarui workflow ""Smoke Test Workflow (renamed)"""
2026-09-13T08:25:04.287Z,Super Admin,sop.create,SOP,cmtzjtixd0009pl01q170tprr,"Membuat SOP ""Smoke Test SOP"""
2026-09-13T08:25:04.145Z,Super Admin,workflow.create,Workflow,cmtzjtisy0005pl010m0m9sse,"Membuat workflow ""Smoke Test Workflow"""
2026-09-13T08:24:20.863Z,Super Admin,auth.login,Auth,cmtqv9to20000jv4ssyxfce20,"""Super Admin"" login"
2026-09-13T08:23:35.144Z,Super Admin,auth.login,Auth,cmtqv9to20000jv4ssyxfce20,"""Super Admin"" login"
2026-09-13T08:08:08.056Z,Super Admin,asset.update,Asset,cmtrdtnaw0001jvxg6hohebxt,"Mengubah aset ""Bor Baterai"""
2026-09-13T08:05:29.009Z,Super Admin,auth.login,Auth,cmtqv9to20000jv4ssyxfce20,"""Super Admin"" login"
2026-09-13T08:04:58.561Z,Angga,auth.login,Auth,cmtqvqnhc0001jvf0xqwkav66,"""Angga"" login"
2026-09-13T08:04:36.883Z,Tarmono,auth.login,Auth,cmtr1g3e4000qjvs0qkxak1vt,"""Tarmono"" login"
2026-09-13T08:04:26.607Z,Angga,task.delete,Task,cmtzd5eum004omp016497vv80,"Menghapus task ""Packing Produk"" dari project ""Prima 2"""
2026-09-13T07:38:07.258Z,Super Admin,task.create,Task,,"Menambahkan task ""Task dengan stage"" di stage DESIGN pada project ""Project Prima"""
2026-09-13T06:46:19.542Z,Super Admin,auth.login,Auth,cmtqv9to20000jv4ssyxfce20,"""Super Admin"" login"
2026-09-13T06:45:12.989Z,Super Admin,auth.login,Auth,cmtqv9to20000jv4ssyxfce20,"""Super Admin"" login"
2026-09-13T05:56:43.140Z,Angga,auth.login,Auth,cmtqvqnhc0001jvf0xqwkav66,"""Angga"" login"
2026-09-13T05:56:22.667Z,Rafif,auth.login,Auth,cmtr1g3d0000djvs018il0b8i,"""Rafif"" login"
2026-09-13T05:32:33.194Z,Super Admin,task.statusChange,Task,cmtzd5euh003fmp012vpo86gk,"Mengubah status task ""Software: Engineering Breakdown & Design"" (project ""Prima 2"") menjadi DONE"
2026-09-13T05:32:32.087Z,Super Admin,task.statusChange,Task,cmtzd5euh003cmp01dkp6is2j,"Mengubah status task ""Electrical: Engineering Breakdown & Design"" (project ""Prima 2"") menjadi DONE"
2026-09-13T05:32:30.891Z,Super Admin,task.statusChange,Task,cmtzd5euh0039mp01nntodnj6,"Mengubah status task ""Mechanical: Engineering Breakdown & Design"" (project ""Prima 2"") menjadi DONE"
2026-09-13T05:32:29.384Z,Super Admin,task.approvalDecision,Task,cmtzd5euh0036mp01dzvo4bat,"Menyetujui task ""PRD Approval"" (project ""Prima 2"") menjadi DONE"
2026-09-13T05:32:27.997Z,Super Admin,task.statusChange,Task,cmtzd5euh0033mp01bpszgqtn,"Mengubah status task ""PRD (What & Why)"" (project ""Prima 2"") menjadi DONE"
2026-09-13T05:32:26.258Z,Super Admin,task.statusChange,Task,cmtzd5euh0030mp018775cbqo,"Mengubah status task ""Requirement Gathering"" (project ""Prima 2"") menjadi DONE"
2026-09-13T05:32:24.702Z,Super Admin,task.approvalDecision,Task,cmtzd5euh002xmp018278smjk,"Menyetujui task ""Gate 0: Go / Hold / Reject"" (project ""Prima 2"") menjadi DONE"
2026-09-13T05:32:23.065Z,Super Admin,task.statusChange,Task,cmtzd5euh002ump01ybw6stpa,"Mengubah status task ""Project Insight / Initial Alignment"" (project ""Prima 2"") menjadi DONE"
2026-09-13T05:32:10.805Z,Super Admin,task.statusChange,Task,cmtty6hb0000js301gcax6j4u,"Mengubah status task ""testing"" (project ""Project Prima"") menjadi TODO"
2026-09-13T05:31:56.341Z,Super Admin,auth.login,Auth,cmtqv9to20000jv4ssyxfce20,"""Super Admin"" login"
2026-09-13T05:31:28.843Z,Wisnuazi,auth.login,Auth,cmtr1g3eu000yjvs0h7y7a2tl,"""Wisnuazi"" login"
2026-09-13T05:26:16.361Z,Rafif,task.statusChange,Task,cmtzd5eui003omp01g3uhanla,"Mengubah status task ""Purchasing: Material Readiness / Monitoring"" (project ""Prima 2"") menjadi DONE"
2026-09-13T05:23:37.430Z,Rafif,materialRequest.process,MaterialRequest,cmtzdavad004zmp019ik08zcv,"Memproses pengajuan ""1"" (project ""Prima 2"") menjadi COMPLETED"
2026-09-13T05:23:36.010Z,Rafif,materialRequest.process,MaterialRequest,cmtzdavad004zmp019ik08zcv,"Memproses pengajuan ""1"" (project ""Prima 2"") menjadi PROCESSING"
2026-09-13T05:23:18.681Z,Rafif,auth.login,Auth,cmtr1g3d0000djvs018il0b8i,"""Rafif"" login"
2026-09-13T05:22:53.922Z,Angga,materialRequest.review,MaterialRequest,cmtzdavad004zmp019ik08zcv,"Menyetujui pengajuan ""1"" (project ""Prima 2"")"
2026-09-13T05:22:36.308Z,Angga,materialRequest.submit,MaterialRequest,,"Mengajukan bahan baku ""1"" untuk project ""Prima 2"""
2026-09-13T05:19:02.831Z,Angga,auth.login,Auth,cmtqvqnhc0001jvf0xqwkav66,"""Angga"" login"
2026-09-13T05:18:21.643Z,Wisnuazi,project.create,Project,cmtzd5eug002hmp0106p4v560,"Membuat project ""Prima 2"""
2026-09-13T05:16:22.768Z,Super Admin,project.create,Project,cmtzd2v580001mp019gzmswgw,"Membuat project ""Test Project"""
2026-09-13T05:00:31.631Z,Super Admin,auth.login,Auth,cmtqv9to20000jv4ssyxfce20,"""Super Admin"" login"
2026-09-13T04:58:51.908Z,Super Admin,auth.login,Auth,cmtqv9to20000jv4ssyxfce20,"""Super Admin"" login"
2026-09-13T03:37:27.375Z,Wisnuazi,auth.login,Auth,cmtr1g3eu000yjvs0h7y7a2tl,"""Wisnuazi"" login"
2026-09-12T18:30:24.722Z,Wisnuazi,auth.login,Auth,cmtr1g3eu000yjvs0h7y7a2tl,"""Wisnuazi"" login"
2026-09-12T18:29:18.999Z,Kia,auth.login,Auth,cmtr1g3dr000njvs0n1qlg4tf,"""Kia"" login"
2026-09-12T18:17:45.060Z,Wisnuazi,auth.login,Auth,cmtr1g3eu000yjvs0h7y7a2tl,"""Wisnuazi"" login"
2026-09-12T18:17:05.638Z,Super Admin,auth.login,Auth,cmtqv9to20000jv4ssyxfce20,"""Super Admin"" login"
2026-09-12T18:16:04.827Z,Wisnuazi,auth.login,Auth,cmtr1g3eu000yjvs0h7y7a2tl,"""Wisnuazi"" login"
2026-09-12T18:15:40.940Z,Angga,auth.login,Auth,cmtqvqnhc0001jvf0xqwkav66,"""Angga"" login"
2026-09-12T18:02:35.184Z,Super Admin,auth.login,Auth,cmtqv9to20000jv4ssyxfce20,"""Super Admin"" login"
2026-09-12T14:28:34.943Z,Super Admin,auth.login,Auth,cmtqv9to20000jv4ssyxfce20,"""Super Admin"" login"
2026-09-12T14:26:38.702Z,Super Admin,auth.login,Auth,cmtqv9to20000jv4ssyxfce20,"""Super Admin"" login"
2026-09-12T14:24:04.368Z,Super Admin,auth.login,Auth,cmtqv9to20000jv4ssyxfce20,"""Super Admin"" login"
2026-09-12T14:23:34.736Z,Wisnuazi,auth.login,Auth,cmtr1g3eu000yjvs0h7y7a2tl,"""Wisnuazi"" login"
2026-09-12T14:17:57.064Z,Super Admin,auth.login,Auth,cmtqv9to20000jv4ssyxfce20,"""Super Admin"" login"
2026-09-12T12:57:10.686Z,Super Admin,auth.login,Auth,cmtqv9to20000jv4ssyxfce20,"""Super Admin"" login"
2026-09-12T12:55:38.961Z,Super Admin,auth.login,Auth,cmtqv9to20000jv4ssyxfce20,"""Super Admin"" login"
2026-09-12T12:54:50.294Z,Super Admin,auth.login,Auth,cmtqv9to20000jv4ssyxfce20,"""Super Admin"" login"
2026-09-12T03:57:38.190Z,Super Admin,auth.login,Auth,cmtqv9to20000jv4ssyxfce20,"""Super Admin"" login"
2026-09-12T03:21:52.856Z,Wisnuazi,auth.login,Auth,cmtr1g3eu000yjvs0h7y7a2tl,"""Wisnuazi"" login"
2026-09-12T03:20:21.630Z,Super Admin,auth.login,Auth,cmtqv9to20000jv4ssyxfce20,"""Super Admin"" login"
2026-09-11T11:36:15.038Z,Super Admin,auth.login,Auth,cmtqv9to20000jv4ssyxfce20,"""Super Admin"" login"
2026-09-11T03:35:09.653Z,Super Admin,auth.login,Auth,cmtqv9to20000jv4ssyxfce20,"""Super Admin"" login"
2026-09-11T03:32:23.819Z,Super Admin,auth.login,Auth,cmtqv9to20000jv4ssyxfce20,"""Super Admin"" login"
2026-09-11T03:30:46.180Z,Dirga,subtask.update,Subtask,cmtwee3fb001po6014xoyux4v,"Menandai subtask ""jjjj"" (task ""Assembling"") sebagai selesai"
2026-09-11T03:30:30.319Z,Dirga,subtask.create,Subtask,,"Menambahkan subtask ""jjjjjj"" pada task ""Assembling"""
2026-09-11T03:30:13.355Z,Dirga,auth.login,Auth,cmtr1g3fu0015jvs0u5ztl62b,"""Dirga"" login"
2026-09-11T03:29:53.587Z,Super Admin,subtask.create,Subtask,,"Menambahkan subtask ""jjjjjj"" pada task ""Assembling"""
2026-09-11T03:29:47.742Z,Super Admin,subtask.create,Subtask,,"Menambahkan subtask ""jjjj"" pada task ""Assembling"""
2026-09-11T03:29:39.995Z,Super Admin,task.create,Task,,"Menambahkan task ""Assembling"" di project ""Project Prima"""
2026-09-11T03:28:58.911Z,Super Admin,task.create,Task,,"Menambahkan task ""Testing"" di project ""Project Prima"""
2026-09-11T03:27:40.830Z,Super Admin,task.delete,Task,cmts8vlec002xjvrsqb0cv74c,"Menghapus task ""Cek Kelengkapan Item"" dari project ""Project Prima"""
2026-09-11T03:27:37.422Z,Super Admin,task.delete,Task,cmts8vlec002wjvrshhlxlzy4,"Menghapus task ""Packing Produk"" dari project ""Project Prima"""
2026-09-11T03:27:35.669Z,Super Admin,task.delete,Task,cmts8vlec002vjvrsuolz5khz,"Menghapus task ""Product Release"" dari project ""Project Prima"""
2026-09-11T03:27:34.055Z,Super Admin,task.delete,Task,cmts8vlec002ujvrslcj5oi6m,"Menghapus task ""Final Approval"" dari project ""Project Prima"""
2026-09-11T03:27:32.202Z,Super Admin,task.delete,Task,cmts8vlec002tjvrsgnrg9j1m,"Menghapus task ""Final Release Package"" dari project ""Project Prima"""
2026-09-11T03:27:30.834Z,Super Admin,task.delete,Task,cmts8vlec002sjvrs9ovmb4gt,"Menghapus task ""Product Valid?"" dari project ""Project Prima"""
2026-09-11T03:27:29.432Z,Super Admin,task.delete,Task,cmts8vlec002rjvrs6v20uask,"Menghapus task ""Field Validation"" dari project ""Project Prima"""
2026-09-11T03:27:27.923Z,Super Admin,task.delete,Task,cmts8vlec002qjvrskhlsn5uj,"Menghapus task ""Functional / Verification Test"" dari project ""Project Prima"""
2026-09-11T03:27:26.223Z,Super Admin,task.delete,Task,cmts8vlec002pjvrs9gb6vjaz,"Menghapus task ""Flashing Firmware / Software"" dari project ""Project Prima"""
2026-09-11T03:27:24.515Z,Super Admin,task.delete,Task,cmts8vlec002ojvrsgbya2yxu,"Menghapus task ""Hardware Assembling & Bring-up"" dari project ""Project Prima"""
2026-09-11T03:27:22.912Z,Super Admin,task.delete,Task,cmts8vlec002njvrsns7f64ss,"Menghapus task ""Software Development (Coding)"" dari project ""Project Prima"""
2026-09-11T03:27:21.335Z,Super Admin,task.delete,Task,cmts8vlec002mjvrs4z8cqbzb,"Menghapus task ""Electrical Fabrication"" dari project ""Project Prima"""
2026-09-11T03:27:19.531Z,Super Admin,task.delete,Task,cmts8vlec002ljvrsvddbzy7i,"Menghapus task ""Mechanical Fabrication"" dari project ""Project Prima"""
2026-09-11T03:27:18.055Z,Super Admin,task.delete,Task,cmts8vlec002kjvrsmxmvn6tz,"Menghapus task ""Purchasing: Material Readiness / Monitoring"" dari project ""Project Prima"""
2026-09-11T03:27:16.662Z,Super Admin,task.delete,Task,cmts8vlec002jjvrs541npitk,"Menghapus task ""BOM Released"" dari project ""Project Prima"""
2026-09-11T03:27:14.736Z,Super Admin,task.delete,Task,cmts8vlec002ijvrsh3ob7nhf,"Menghapus task ""Design Review"" dari project ""Project Prima"""
2026-09-11T03:27:13.182Z,Super Admin,task.delete,Task,cmts8vlec002hjvrsete54xvc,"Menghapus task ""Software: Engineering Breakdown & Design"" dari project ""Project Prima"""
2026-09-11T03:27:11.495Z,Super Admin,task.delete,Task,cmts8vlec002gjvrssqmms72v,"Menghapus task ""Electrical: Engineering Breakdown & Design"" dari project ""Project Prima"""
2026-09-11T03:27:10.066Z,Super Admin,task.delete,Task,cmts8vlec002fjvrsyjk1n0iy,"Menghapus task ""Mechanical: Engineering Breakdown & Design"" dari project ""Project Prima"""
2026-09-11T03:27:05.389Z,Super Admin,task.delete,Task,cmts8vlec002ejvrsmbho48ks,"Menghapus task ""PRD Approval"" dari project ""Project Prima"""
2026-09-11T03:27:03.401Z,Super Admin,task.delete,Task,cmts8vlec002djvrsm3i1lldg,"Menghapus task ""PRD (What & Why)"" dari project ""Project Prima"""
2026-09-11T03:27:01.329Z,Super Admin,task.delete,Task,cmts8vlec002cjvrsxsjis5an,"Menghapus task ""Requirement Gathering"" dari project ""Project Prima"""
2026-09-11T03:26:55.913Z,Super Admin,task.delete,Task,cmts8vlec002bjvrsnspm411t,"Menghapus task ""Gate 0: Go / Hold / Reject"" dari project ""Project Prima"""
2026-09-11T03:26:53.149Z,Super Admin,task.delete,Task,cmts8vlec002ajvrscsn17rwa,"Menghapus task ""Project Insight / Initial Alignment"" dari project ""Project Prima"""
2026-09-11T03:26:42.569Z,Super Admin,auth.login,Auth,cmtqv9to20000jv4ssyxfce20,"""Super Admin"" login"
2026-09-11T03:26:38.452Z,Super Admin,auth.login,Auth,cmtqv9to20000jv4ssyxfce20,"""Super Admin"" login"
2026-09-11T03:19:23.084Z,Tarmono,auth.login,Auth,cmtr1g3e4000qjvs0qkxak1vt,"""Tarmono"" login"
2026-09-11T03:14:34.317Z,Super Admin,task.statusChange,Task,cmts8vlec002kjvrsmxmvn6tz,"Mengubah status task ""Purchasing: Material Readiness / Monitoring"" (project ""Project Prima"") menjadi TODO"
2026-09-11T03:14:33.219Z,Super Admin,task.statusChange,Task,cmts8vlec002gjvrssqmms72v,"Mengubah status task ""Electrical: Engineering Breakdown & Design"" (project ""Project Prima"") menjadi TODO"
2026-09-11T03:14:32.138Z,Super Admin,task.statusChange,Task,cmts8vlec002fjvrsyjk1n0iy,"Mengubah status task ""Mechanical: Engineering Breakdown & Design"" (project ""Project Prima"") menjadi TODO"
2026-09-11T03:14:06.999Z,Super Admin,materialRequest.delete,MaterialRequest,cmtvf5ypo000dl9019kp0y2y9,"Menghapus pengajuan ""Produksi PO Prima"" (project ""Project Prima"")"
2026-09-11T03:14:03.404Z,Super Admin,materialRequest.delete,MaterialRequest,cmtvf7who000ql901jwj9osoq,"Menghapus pengajuan ""Produksi PO Prima 2"" (project ""Project Prima"")"
2026-09-11T03:14:01.809Z,Super Admin,materialRequest.delete,MaterialRequest,cmtttkc4s0003jvf8tbhmt5o2,"Menghapus pengajuan ""Contoh Item"" (project ""Project Prima"")"
2026-09-11T03:14:00.421Z,Super Admin,materialRequest.delete,MaterialRequest,cmtttmpuz000fjvf8giivlj67,"Menghapus pengajuan ""Contoh 2"" (project ""Project Prima"")"
2026-09-11T03:13:37.936Z,Super Admin,auth.login,Auth,cmtqv9to20000jv4ssyxfce20,"""Super Admin"" login"
2026-09-11T03:12:53.744Z,Super Admin,user.create,User,cmtwdsd0m000uma01qg0e1q87,"Membuat akun user ""Pur Test"" (pur-test@vortecsystem.com)"
2026-09-11T03:12:53.291Z,Super Admin,user.create,User,cmtwdsco2000pma01i0fsk6tj,"Membuat akun user ""PM Test"" (pm-test@vortecsystem.com)"
2026-09-11T03:12:52.798Z,Super Admin,user.create,User,cmtwdsc9s000kma01g8efiob8,"Membuat akun user ""Eng Test"" (eng-test@vortecsystem.com)"
2026-09-11T03:12:51.701Z,Super Admin,auth.login,Auth,cmtqv9to20000jv4ssyxfce20,"""Super Admin"" login"
2026-09-11T03:12:34.830Z,Super Admin,auth.login,Auth,cmtqv9to20000jv4ssyxfce20,"""Super Admin"" login"
2026-09-11T03:11:46.892Z,Wisnuazi,auth.login,Auth,cmtr1g3eu000yjvs0h7y7a2tl,"""Wisnuazi"" login"
2026-09-11T03:10:32.549Z,Angga,auth.login,Auth,cmtqvqnhc0001jvf0xqwkav66,"""Angga"" login"
2026-09-11T03:10:17.636Z,Firman,auth.login,Auth,cmtr1g3fg0011jvs00u4a8s3q,"""Firman"" login"
2026-09-11T03:10:12.049Z,Agan,auth.login,Auth,cmtr1g3eh000ujvs05wfkt6wm,"""Agan"" login"
2026-09-11T03:10:00.390Z,Tarmono,auth.login,Auth,cmtr1g3e4000qjvs0qkxak1vt,"""Tarmono"" login"
2026-09-11T03:09:52.477Z,Angga,auth.login,Auth,cmtqvqnhc0001jvf0xqwkav66,"""Angga"" login"
2026-09-11T03:09:36.453Z,Wisnuazi,materialRequest.process,MaterialRequest,cmtvf5ypo000dl9019kp0y2y9,"Memproses pengajuan ""Produksi PO Prima"" (project ""Project Prima"") menjadi COMPLETED"
2026-09-11T03:07:53.555Z,Wisnuazi,auth.login,Auth,cmtr1g3eu000yjvs0h7y7a2tl,"""Wisnuazi"" login"
2026-09-11T02:53:15.558Z,Agan,auth.login,Auth,cmtr1g3eh000ujvs05wfkt6wm,"""Agan"" login"
2026-09-11T02:50:10.216Z,Wisnuazi,auth.login,Auth,cmtr1g3eu000yjvs0h7y7a2tl,"""Wisnuazi"" login"
2026-09-10T11:08:29.647Z,Angga,auth.login,Auth,cmtqvqnhc0001jvf0xqwkav66,"""Angga"" login"
2026-09-10T11:08:22.882Z,Rafif,materialRequest.process,MaterialRequest,cmtvf7who000ql901jwj9osoq,"Memproses pengajuan ""Produksi PO Prima 2"" (project ""Project Prima"") menjadi COMPLETED"
2026-09-10T11:08:16.772Z,Rafif,materialRequest.process,MaterialRequest,cmtvf7who000ql901jwj9osoq,"Memproses pengajuan ""Produksi PO Prima 2"" (project ""Project Prima"") menjadi PROCESSING"
2026-09-10T11:07:22.154Z,Rafif,auth.login,Auth,cmtr1g3d0000djvs018il0b8i,"""Rafif"" login"
2026-09-10T11:07:09.568Z,Wisnuazi,materialRequest.review,MaterialRequest,cmtvf7who000ql901jwj9osoq,"Menyetujui pengajuan ""Produksi PO Prima 2"" (project ""Project Prima"")"
2026-09-10T11:06:56.988Z,Wisnuazi,auth.login,Auth,cmtr1g3eu000yjvs0h7y7a2tl,"""Wisnuazi"" login"
2026-09-10T11:06:36.861Z,Agan,auth.login,Auth,cmtr1g3eh000ujvs05wfkt6wm,"""Agan"" login"
2026-09-10T11:06:18.473Z,Rafif,materialRequest.process,MaterialRequest,cmtvf5ypo000dl9019kp0y2y9,"Memproses pengajuan ""Produksi PO Prima"" (project ""Project Prima"") menjadi PROCESSING"
2026-09-10T11:05:47.046Z,Rafif,auth.login,Auth,cmtr1g3d0000djvs018il0b8i,"""Rafif"" login"
2026-09-10T11:05:18.210Z,Wisnuazi,auth.login,Auth,cmtr1g3eu000yjvs0h7y7a2tl,"""Wisnuazi"" login"
2026-09-10T11:05:12.576Z,Aryo,materialRequest.submit,MaterialRequest,,"Mengajukan bahan baku ""Produksi PO Prima 2"" untuk project ""Project Prima"""
2026-09-10T11:04:37.958Z,Aryo,auth.login,Auth,cmtr1g3gi0019jvs0eyzlxgvx,"""Aryo"" login"
2026-09-10T11:04:16.690Z,Angga,materialRequest.review,MaterialRequest,cmtvf5ypo000dl9019kp0y2y9,"Menyetujui pengajuan ""Produksi PO Prima"" (project ""Project Prima"")"
2026-09-10T11:04:02.469Z,Angga,auth.login,Auth,cmtqvqnhc0001jvf0xqwkav66,"""Angga"" login"
2026-09-10T11:03:41.870Z,Agan,materialRequest.submit,MaterialRequest,,"Mengajukan bahan baku ""Produksi PO Prima"" untuk project ""Project Prima"""
2026-09-10T11:02:04.146Z,Agan,auth.login,Auth,cmtr1g3eh000ujvs05wfkt6wm,"""Agan"" login"
2026-09-10T11:01:56.040Z,Angga,auth.login,Auth,cmtqvqnhc0001jvf0xqwkav66,"""Angga"" login"
2026-09-10T11:01:44.609Z,Wiyanto,auth.login,Auth,cmtr1g3dd000gjvs0ovn15ng1,"""Wiyanto"" login"
2026-09-10T10:59:59.011Z,Super Admin,bomItem.create,BomItem,cmtvf16rt0003l901m27ur48v,"Mengajukan item MBOM ""Smoke MBOM item"" (project ""Project Prima"")"
2026-09-10T10:59:57.874Z,Super Admin,auth.login,Auth,cmtqv9to20000jv4ssyxfce20,"""Super Admin"" login"
2026-09-10T08:36:57.816Z,Wisnuazi,auth.login,Auth,cmtr1g3eu000yjvs0h7y7a2tl,"""Wisnuazi"" login"
2026-09-10T08:36:17.464Z,Wiyanto,auth.login,Auth,cmtr1g3dd000gjvs0ovn15ng1,"""Wiyanto"" login"
2026-09-10T08:36:05.477Z,Wisnuazi,auth.login,Auth,cmtr1g3eu000yjvs0h7y7a2tl,"""Wisnuazi"" login"
2026-09-10T08:35:48.832Z,Rafif,auth.login,Auth,cmtr1g3d0000djvs018il0b8i,"""Rafif"" login"
2026-09-10T08:34:56.059Z,Tarmono,auth.login,Auth,cmtr1g3e4000qjvs0qkxak1vt,"""Tarmono"" login"
2026-09-10T08:34:12.812Z,Dirga,auth.login,Auth,cmtr1g3fu0015jvs0u5ztl62b,"""Dirga"" login"
2026-09-10T08:31:40.210Z,Super Admin,user.delete,User,cmtv9f1me0004s101cz0rka95,"Menghapus akun user ""Angga Test PM"""
2026-09-10T08:29:24.715Z,Super Admin,auth.login,Auth,cmtqv9to20000jv4ssyxfce20,"""Super Admin"" login"
2026-09-10T08:29:01.736Z,Super Admin,kasbonSubmission.approve,KasbonSubmission,cmtv9h3il000ps101o6ddugz9,Menyetujui pengajuan kasbon (OL Test) pada fase Operational 2026-09 Phase 3
2026-09-10T08:27:37.849Z,Wiyanto,material.delete,Material,cmts2w41s0000jvbs5mjmiyu9,"Menghapus bahan baku ""GPS module"""
2026-09-10T08:27:13.747Z,Wiyanto,auth.login,Auth,cmtr1g3dd000gjvs0ovn15ng1,"""Wiyanto"" login"
2026-09-10T08:24:04.436Z,Super Admin,user.create,User,cmtv9goqp000hs1014iiptgqr,"Membuat akun user ""OL Test"" (ol-test@vortecsystem.com)"
2026-09-10T08:23:25.975Z,Super Admin,material.mergeDuplicate,Material,cmtv9fuxk000bs101khchcrq5,"Menggabungkan bahan baku duplikat: tambah 50 pcs ""Baut M6"""
2026-09-10T08:23:25.798Z,Super Admin,material.create,Material,cmtv9fuxk000bs101khchcrq5,"Menambahkan bahan baku ""Baut M6"""
2026-09-10T08:23:04.427Z,Angga Test PM,auth.login,Auth,cmtv9f1me0004s101cz0rka95,"""Angga Test PM"" login"
2026-09-10T08:22:47.832Z,Super Admin,user.create,User,cmtv9f1me0004s101cz0rka95,"Membuat akun user ""Angga Test PM"" (angga-test@vortecsystem.com)"
2026-09-10T08:22:26.303Z,Super Admin,auth.login,Auth,cmtqv9to20000jv4ssyxfce20,"""Super Admin"" login"
2026-09-10T08:22:00.879Z,Super Admin,auth.login,Auth,cmtqv9to20000jv4ssyxfce20,"""Super Admin"" login"
2026-09-10T07:01:07.293Z,Super Admin,auth.login,Auth,cmtqv9to20000jv4ssyxfce20,"""Super Admin"" login"
2026-09-10T06:58:46.554Z,Super Admin,auth.login,Auth,cmtqv9to20000jv4ssyxfce20,"""Super Admin"" login"
2026-09-10T06:49:21.008Z,Super Admin,user.delete,User,cmtv62d0t000xth011r7nnkg0,"Menghapus akun user ""Gate Test Engineer"""
2026-09-10T06:49:20.980Z,Super Admin,user.delete,User,cmtv61tce000oth017ytsaqn1,"Menghapus akun user ""Gate Test Leader"""
2026-09-10T06:49:20.948Z,Super Admin,user.delete,User,cmtv61bwk000hth01escx3vwe,"Menghapus akun user ""Gate Test OM"""
2026-09-10T06:49:20.856Z,Super Admin,user.delete,User,cmtv60o85000ath01ldlqogjy,"Menghapus akun user ""Gate Test Director"""
2026-09-10T06:48:57.735Z,Gate Test Engineer,role.rename,Role,electrical-engineer,"Mengubah nama jabatan menjadi ""Electrical Engineer"""
2026-09-10T06:48:57.693Z,Gate Test Engineer,auth.login,Auth,cmtv62d0t000xth011r7nnkg0,"""Gate Test Engineer"" login"
2026-09-10T06:48:57.212Z,Super Admin,user.create,User,cmtv62d0t000xth011r7nnkg0,"Membuat akun user ""Gate Test Engineer"" (gate-test-engineer@vortecsystem.com)"
2026-09-10T06:48:43.839Z,Gate Test Leader,role.rename,Role,operational-leader,"Mengubah nama jabatan menjadi ""Operational Leader"""
2026-09-10T06:48:43.686Z,Gate Test Leader,auth.login,Auth,cmtv61tce000oth017ytsaqn1,"""Gate Test Leader"" login"
2026-09-10T06:48:31.703Z,Super Admin,user.create,User,cmtv61tce000oth017ytsaqn1,"Membuat akun user ""Gate Test Leader"" (gate-test-leader@vortecsystem.com)"
2026-09-10T06:48:20.249Z,Gate Test OM,auth.login,Auth,cmtv61bwk000hth01escx3vwe,"""Gate Test OM"" login"
2026-09-10T06:48:09.148Z,Super Admin,user.create,User,cmtv61bwk000hth01escx3vwe,"Membuat akun user ""Gate Test OM"" (gate-test-om@vortecsystem.com)"
2026-09-10T06:47:47.452Z,Gate Test Director,auth.login,Auth,cmtv60o85000ath01ldlqogjy,"""Gate Test Director"" login"
2026-09-10T06:47:38.472Z,Super Admin,user.create,User,cmtv60o85000ath01ldlqogjy,"Membuat akun user ""Gate Test Director"" (gate-test-director@vortecsystem.com)"
2026-09-10T06:44:15.160Z,Super Admin,dailyReport.create,DailyReport,cmtv5wbds0003th01t3426t1o,Mengisi daily report tanggal 2026-09-11
2026-09-10T06:43:54.513Z,Super Admin,auth.login,Auth,cmtqv9to20000jv4ssyxfce20,"""Super Admin"" login"
2026-09-10T06:24:09.518Z,Wisnuazi,auth.login,Auth,cmtr1g3eu000yjvs0h7y7a2tl,"""Wisnuazi"" login"
2026-09-10T06:08:12.898Z,Wiyanto,auth.login,Auth,cmtr1g3dd000gjvs0ovn15ng1,"""Wiyanto"" login"
2026-09-10T06:07:56.874Z,Kia,auth.login,Auth,cmtr1g3dr000njvs0n1qlg4tf,"""Kia"" login"
2026-09-10T06:01:00.618Z,Angga,auth.login,Auth,cmtqvqnhc0001jvf0xqwkav66,"""Angga"" login"
2026-09-10T05:59:57.062Z,Angga,auth.login,Auth,cmtqvqnhc0001jvf0xqwkav66,"""Angga"" login"
2026-09-10T05:56:20.479Z,Wiyanto,auth.login,Auth,cmtr1g3dd000gjvs0ovn15ng1,"""Wiyanto"" login"
2026-09-10T05:51:22.420Z,Tarmono,dailyReport.create,DailyReport,cmtv40b9g000tl101f432axvw,Mengisi daily report tanggal 2026-09-10
2026-09-10T05:51:14.591Z,Tarmono,auth.login,Auth,cmtr1g3e4000qjvs0qkxak1vt,"""Tarmono"" login"
2026-09-10T05:50:57.206Z,Haidir,auth.login,Auth,cmtr1g3be0003jvs0m560o76r,"""Haidir"" login"
2026-09-10T05:50:07.791Z,Wisnuazi,auth.login,Auth,cmtr1g3eu000yjvs0h7y7a2tl,"""Wisnuazi"" login"
2026-09-10T05:49:59.552Z,Kia,auth.login,Auth,cmtr1g3dr000njvs0n1qlg4tf,"""Kia"" login"
2026-09-10T05:48:04.359Z,Rafif,auth.login,Auth,cmtr1g3d0000djvs018il0b8i,"""Rafif"" login"
2026-09-10T05:47:41.430Z,Haidir,auth.login,Auth,cmtr1g3be0003jvs0m560o76r,"""Haidir"" login"
2026-09-10T05:46:45.865Z,Aryo,auth.login,Auth,cmtr1g3gi0019jvs0eyzlxgvx,"""Aryo"" login"
2026-09-10T05:45:37.886Z,Angga,auth.login,Auth,cmtqvqnhc0001jvf0xqwkav66,"""Angga"" login"
2026-09-10T05:44:27.241Z,Wisnuazi,project.delete,Project,cmtqyjatl0012jvt03q5c6gtd,"Menghapus project ""Sistem Monitoring Tangki BBM"" beserta seluruh task dan dokumennya"
2026-09-10T05:43:52.283Z,Wisnuazi,auth.login,Auth,cmtr1g3eu000yjvs0h7y7a2tl,"""Wisnuazi"" login"
2026-09-10T05:23:06.800Z,Super Admin,role.memberRemove,Role,project-manager,Menghapus Agan dari jabatan Project Manager
2026-09-10T05:23:06.728Z,Super Admin,role.memberAdd,Role,project-manager,Menambahkan Agan ke jabatan Project Manager
2026-09-10T05:23:06.275Z,Super Admin,auth.login,Auth,cmtqv9to20000jv4ssyxfce20,"""Super Admin"" login"
2026-09-10T04:57:34.580Z,Super Admin,employee.delete,Employee,cmtv218gj0026s101krjinr6v,"Menghapus karyawan ""Wisnuazi"" dari jabatan ""Project Manager"""
2026-09-10T04:57:13.186Z,Super Admin,auth.login,Auth,cmtqv9to20000jv4ssyxfce20,"""Super Admin"" login"
2026-09-10T04:57:04.389Z,Super Admin,auth.loginFailed,Auth,cmtqv9to20000jv4ssyxfce20,"Percobaan login gagal (password salah) untuk ""Super Admin"""
2026-09-10T04:56:20.438Z,Wisnuazi,auth.login,Auth,cmtr1g3eu000yjvs0h7y7a2tl,"""Wisnuazi"" login"
2026-09-10T04:56:06.189Z,Super Admin,employee.create,Employee,project-manager,"Menambahkan karyawan ""Wisnuazi"" ke jabatan ""Project Manager"""
2026-09-10T04:54:17.893Z,Super Admin,auth.login,Auth,cmtqv9to20000jv4ssyxfce20,"""Super Admin"" login"
2026-09-10T04:53:59.680Z,Super Admin,auth.loginFailed,Auth,cmtqv9to20000jv4ssyxfce20,"Percobaan login gagal (password salah) untuk ""Super Admin"""
2026-09-10T04:53:47.059Z,Super Admin,auth.loginFailed,Auth,cmtqv9to20000jv4ssyxfce20,"Percobaan login gagal (password salah) untuk ""Super Admin"""
2026-09-10T04:53:19.743Z,Wisnuazi,auth.login,Auth,cmtr1g3eu000yjvs0h7y7a2tl,"""Wisnuazi"" login"
2026-09-10T04:53:03.137Z,Angga,auth.login,Auth,cmtqvqnhc0001jvf0xqwkav66,"""Angga"" login"
2026-09-10T04:48:43.261Z,Wisnuazi,auth.login,Auth,cmtr1g3eu000yjvs0h7y7a2tl,"""Wisnuazi"" login"
2026-09-10T04:48:34.615Z,Wisnuazi,auth.loginFailed,Auth,cmtr1g3eu000yjvs0h7y7a2tl,"Percobaan login gagal (password salah) untuk ""Wisnuazi"""
2026-09-10T04:11:57.201Z,Bayu,subtask.update,Subtask,cmtv0g7u8001ds101443d4m85,"Menandai subtask ""123456"" (task ""Electrical: Engineering Breakdown & Design"") sebagai selesai"
2026-09-10T04:11:56.646Z,Bayu,subtask.update,Subtask,cmtv0g7u8001ds101443d4m85,"Menandai subtask ""123456"" (task ""Electrical: Engineering Breakdown & Design"") sebagai belum selesai"
2026-09-10T04:11:55.483Z,Bayu,subtask.update,Subtask,cmtv0g7u8001ds101443d4m85,"Menandai subtask ""123456"" (task ""Electrical: Engineering Breakdown & Design"") sebagai selesai"
2026-09-10T04:11:54.600Z,Bayu,subtask.update,Subtask,cmtv0g7u8001ds101443d4m85,"Menandai subtask ""123456"" (task ""Electrical: Engineering Breakdown & Design"") sebagai belum selesai"
2026-09-10T04:11:51.442Z,Bayu,task.autoAdvance,Task,cmts8vlec002gjvrssqmms72v,"Task ""Electrical: Engineering Breakdown & Design"" otomatis maju menjadi DONE karena seluruh subtask selesai"
2026-09-10T04:11:51.426Z,Bayu,subtask.update,Subtask,cmtv0g7u8001ds101443d4m85,"Menandai subtask ""123456"" (task ""Electrical: Engineering Breakdown & Design"") sebagai selesai"
2026-09-10T04:11:45.979Z,Bayu,subtask.create,Subtask,,"Menambahkan subtask ""123456"" pada task ""Electrical: Engineering Breakdown & Design"""
2026-09-10T04:11:37.683Z,Bayu,task.noteUpdate,Task,cmts8vlec002gjvrssqmms72v,"Memperbarui catatan task ""Electrical: Engineering Breakdown & Design"" (project ""Project Prima"")"
2026-09-10T03:35:04.259Z,Super Admin,auth.login,Auth,cmtqv9to20000jv4ssyxfce20,"""Super Admin"" login"
2026-09-10T03:34:49.222Z,Super Admin,auth.login,Auth,cmtqv9to20000jv4ssyxfce20,"""Super Admin"" login"
2026-09-10T03:33:33.823Z,Super Admin,task.attachmentUpdate,Attachment,cmtuz334z000zs101d38gytus,"Mengubah lampiran ""vendor-doc"" pada task ""Project Insight / Initial Alignment"""
2026-09-10T03:33:33.786Z,Super Admin,task.attachmentUpdate,Attachment,cmtuz334z000zs101d38gytus,"Mengubah lampiran ""vendor-doc"" pada task ""Project Insight / Initial Alignment"""
2026-09-10T03:33:33.711Z,Super Admin,task.attachmentUpdate,Attachment,cmtuz0i4j0009s101kr7basw7,"Mengubah lampiran ""renamed-by-dev-test.txt"" pada task ""Project Insight / Initial Alignment"""
2026-09-10T03:33:33.684Z,Super Admin,task.attachmentUpdate,Attachment,cmtuz0i4j0009s101kr7basw7,"Mengubah lampiran ""renamed-by-dev-test.txt"" pada task ""Project Insight / Initial Alignment"""
2026-09-10T03:33:33.626Z,Super Admin,task.attachmentUpdate,Attachment,cmtuz0i4j0009s101kr7basw7,"Mengubah lampiran ""dev-patch-test.txt"" pada task ""Project Insight / Initial Alignment"""
2026-09-10T03:33:33.470Z,Super Admin,auth.login,Auth,cmtqv9to20000jv4ssyxfce20,"""Super Admin"" login"
2026-09-10T03:33:04.492Z,Super Admin,task.attachmentUpdate,Attachment,cmtuz0i4j0009s101kr7basw7,"Mengubah lampiran ""renamed-by-dev-test.txt"" pada task ""Project Insight / Initial Alignment"""
2026-09-10T03:33:04.451Z,Super Admin,task.attachmentUpdate,Attachment,cmtuz0i4j0009s101kr7basw7,"Mengubah lampiran ""renamed-by-dev-test.txt"" pada task ""Project Insight / Initial Alignment"""
2026-09-10T03:33:04.368Z,Super Admin,task.attachmentUpdate,Attachment,cmtuz0i4j0009s101kr7basw7,"Mengubah lampiran ""replaced.txt"" pada task ""Project Insight / Initial Alignment"""
2026-09-10T03:33:03.951Z,Super Admin,auth.login,Auth,cmtqv9to20000jv4ssyxfce20,"""Super Admin"" login"
2026-09-10T03:32:23.920Z,Super Admin,task.attachmentUpdate,Attachment,cmtuz0i4j0009s101kr7basw7,"Mengubah lampiran ""vendor-website"" pada task ""Project Insight / Initial Alignment"""
2026-09-10T03:32:23.857Z,Super Admin,task.attachmentUpdate,Attachment,cmtuz0i4j0009s101kr7basw7,"Mengubah lampiran ""renamed-by-dev-test.txt"" pada task ""Project Insight / Initial Alignment"""
2026-09-10T03:32:23.779Z,Super Admin,task.attachmentUpdate,Attachment,cmtuz0i4j0009s101kr7basw7,"Mengubah lampiran ""dev-patch-test.txt"" pada task ""Project Insight / Initial Alignment"""
2026-09-10T03:32:23.541Z,Super Admin,auth.login,Auth,cmtqv9to20000jv4ssyxfce20,"""Super Admin"" login"
2026-09-10T03:31:32.965Z,Super Admin,auth.login,Auth,cmtqv9to20000jv4ssyxfce20,"""Super Admin"" login"
2026-09-10T03:30:58.707Z,Super Admin,auth.login,Auth,cmtqv9to20000jv4ssyxfce20,"""Super Admin"" login"
2026-09-10T03:28:25.229Z,Super Admin,auth.loginFailed,Auth,cmtqv9to20000jv4ssyxfce20,"Percobaan login gagal (password salah) untuk ""Super Admin"""
2026-09-10T03:26:58.267Z,Super Admin,auth.loginFailed,Auth,cmtqv9to20000jv4ssyxfce20,"Percobaan login gagal (password salah) untuk ""Super Admin"""
2026-09-10T02:54:37.819Z,Bayu,task.statusChange,Task,cmts8vlec002njvrsns7f64ss,"Mengubah status task ""Software Development (Coding)"" (project ""Project Prima"") menjadi TODO"
2026-09-10T02:54:32.527Z,Bayu,task.statusChange,Task,cmts8vlec002hjvrsete54xvc,"Mengubah status task ""Software: Engineering Breakdown & Design"" (project ""Project Prima"") menjadi TODO"
2026-09-10T02:52:45.702Z,Bayu,task.noteUpdate,Task,cmts8vlec002hjvrsete54xvc,"Memperbarui catatan task ""Software: Engineering Breakdown & Design"" (project ""Project Prima"")"
2026-09-10T02:43:47.148Z,Angga,auth.loginFailed,Auth,cmtqvqnhc0001jvf0xqwkav66,"Percobaan login gagal (password salah) untuk ""Angga"""
2026-09-10T02:15:50.623Z,Bayu,auth.login,Auth,cmtr1g3gw001cjvs0w5akmond,"""Bayu"" login"
2026-09-10T02:15:39.757Z,Aryo,auth.loginFailed,Auth,cmtr1g3gi0019jvs0eyzlxgvx,"Percobaan login gagal (password salah) untuk ""Aryo"""
2026-09-10T02:15:33.505Z,Bayu,auth.loginFailed,Auth,cmtr1g3gw001cjvs0w5akmond,"Percobaan login gagal (password salah) untuk ""Bayu"""
2026-09-10T02:15:18.019Z,Super Admin,auth.login,Auth,cmtqv9to20000jv4ssyxfce20,"""Super Admin"" login"
2026-09-10T02:06:16.963Z,Super Admin,auth.loginFailed,Auth,cmtqv9to20000jv4ssyxfce20,"Percobaan login gagal (password salah) untuk ""Super Admin"""
2026-09-10T02:06:16.487Z,Super Admin,auth.loginFailed,Auth,cmtqv9to20000jv4ssyxfce20,"Percobaan login gagal (password salah) untuk ""Super Admin"""
2026-09-10T02:06:16.029Z,Super Admin,auth.loginFailed,Auth,cmtqv9to20000jv4ssyxfce20,"Percobaan login gagal (password salah) untuk ""Super Admin"""
2026-09-10T02:06:15.578Z,Super Admin,auth.loginFailed,Auth,cmtqv9to20000jv4ssyxfce20,"Percobaan login gagal (password salah) untuk ""Super Admin"""
2026-09-10T02:06:15.070Z,Super Admin,auth.loginFailed,Auth,cmtqv9to20000jv4ssyxfce20,"Percobaan login gagal (password salah) untuk ""Super Admin"""
2026-09-10T02:06:14.530Z,Super Admin,auth.loginFailed,Auth,cmtqv9to20000jv4ssyxfce20,"Percobaan login gagal (password salah) untuk ""Super Admin"""
2026-09-10T02:06:13.720Z,Super Admin,auth.loginFailed,Auth,cmtqv9to20000jv4ssyxfce20,"Percobaan login gagal (password salah) untuk ""Super Admin"""
2026-09-10T02:00:50.398Z,Angga,task.statusChange,Task,cmts8vlec002jjvrs541npitk,"Mengubah status task ""BOM Released"" (project ""Project Prima"") menjadi TODO"
2026-09-10T02:00:49.746Z,Angga,task.statusChange,Task,cmts8vlec002djvrsm3i1lldg,"Mengubah status task ""PRD (What & Why)"" (project ""Project Prima"") menjadi TODO"
2026-09-10T02:00:49.009Z,Angga,task.statusChange,Task,cmts8vlec002cjvrsxsjis5an,"Mengubah status task ""Requirement Gathering"" (project ""Project Prima"") menjadi TODO"
2026-09-10T02:00:48.195Z,Angga,task.statusChange,Task,cmts8vlec002ajvrscsn17rwa,"Mengubah status task ""Project Insight / Initial Alignment"" (project ""Project Prima"") menjadi TODO"
2026-09-10T02:00:16.129Z,Angga,task.statusChange,Task,cmts8vlec002ajvrscsn17rwa,"Mengubah status task ""Project Insight / Initial Alignment"" (project ""Project Prima"") menjadi IN_PROGRESS"
2026-09-10T02:00:05.884Z,Angga,task.statusChange,Task,cmts8vlec002ajvrscsn17rwa,"Mengubah status task ""Project Insight / Initial Alignment"" (project ""Project Prima"") menjadi IN_PROGRESS"
2026-09-10T02:00:02.282Z,Angga,task.statusChange,Task,cmts8vlec002ajvrscsn17rwa,"Mengubah status task ""Project Insight / Initial Alignment"" (project ""Project Prima"") menjadi IN_PROGRESS"
2026-09-10T01:59:44.970Z,Angga,auth.login,Auth,cmtqvqnhc0001jvf0xqwkav66,"""Angga"" login"
2026-09-10T01:56:55.978Z,Angga,auth.loginFailed,Auth,cmtqvqnhc0001jvf0xqwkav66,"Percobaan login gagal (password salah) untuk ""Angga"""
2026-09-10T01:56:39.464Z,Super Admin,auth.loginFailed,Auth,cmtqv9to20000jv4ssyxfce20,"Percobaan login gagal (password salah) untuk ""Super Admin"""
2026-09-10T01:54:39.164Z,Super Admin,auth.loginFailed,Auth,cmtqv9to20000jv4ssyxfce20,"Percobaan login gagal (password salah) untuk ""Super Admin"""
2026-09-10T01:51:01.523Z,Super Admin,auth.login,Auth,cmtqv9to20000jv4ssyxfce20,"""Super Admin"" login"
2026-09-09T11:26:40.033Z,Angga,auth.loginFailed,Auth,cmtqvqnhc0001jvf0xqwkav66,"Percobaan login gagal (password salah) untuk ""Angga"""
2026-09-09T11:25:45.962Z,Angga,task.statusChange,Task,cmtqyjatm001gjvt0d0uiquge,"Mengubah status task ""Project Insight / Initial Alignment"" (project ""Sistem Monitoring Tangki BBM"") menjadi IN_PROGRESS"
2026-09-09T11:21:54.273Z,Angga,task.statusChange,Task,cmtqyjatm001pjvt0u8tystyw,"Mengubah status task ""BOM Released"" (project ""Sistem Monitoring Tangki BBM"") menjadi IN_PROGRESS"
2026-09-09T11:21:41.706Z,Angga,task.statusChange,Task,cmtqyjatm001zjvt0p69p3rlv,"Mengubah status task ""Final Release Package"" (project ""Sistem Monitoring Tangki BBM"") menjadi IN_PROGRESS"
2026-09-09T11:20:18.097Z,Angga,task.statusChange,Task,cmts8vlec002ajvrscsn17rwa,"Mengubah status task ""Project Insight / Initial Alignment"" (project ""Project Prima"") menjadi IN_PROGRESS"
2026-09-09T11:20:16.305Z,Angga,task.statusChange,Task,cmts8vlec002djvrsm3i1lldg,"Mengubah status task ""PRD (What & Why)"" (project ""Project Prima"") menjadi IN_PROGRESS"
2026-09-09T11:20:13.980Z,Angga,task.statusChange,Task,cmts8vlec002jjvrs541npitk,"Mengubah status task ""BOM Released"" (project ""Project Prima"") menjadi IN_PROGRESS"
2026-09-09T11:20:12.257Z,Angga,task.statusChange,Task,cmts8vlec002jjvrs541npitk,"Mengubah status task ""BOM Released"" (project ""Project Prima"") menjadi WAITING_APPROVAL"
2026-09-09T11:20:09.447Z,Angga,task.statusChange,Task,cmts8vlec002jjvrs541npitk,"Mengubah status task ""BOM Released"" (project ""Project Prima"") menjadi IN_PROGRESS"
2026-09-09T11:20:03.590Z,Angga,task.statusChange,Task,cmts8vlec002ajvrscsn17rwa,"Mengubah status task ""Project Insight / Initial Alignment"" (project ""Project Prima"") menjadi WAITING_APPROVAL"
2026-09-09T10:28:01.586Z,Angga,task.statusChange,Task,cmts8vlec002cjvrsxsjis5an,"Mengubah status task ""Requirement Gathering"" (project ""Project Prima"") menjadi IN_PROGRESS"
2026-09-09T10:27:57.774Z,Angga,task.statusChange,Task,cmts8vlec002jjvrs541npitk,"Mengubah status task ""BOM Released"" (project ""Project Prima"") menjadi IN_PROGRESS"
2026-09-09T10:20:26.292Z,Angga,task.create,Task,,"Menambahkan task ""testing"" di project ""Project Prima"""
2026-09-09T10:19:30.891Z,Angga,task.statusChange,Task,cmts8vlec002ajvrscsn17rwa,"Mengubah status task ""Project Insight / Initial Alignment"" (project ""Project Prima"") menjadi IN_PROGRESS"
2026-09-09T10:19:19.671Z,Angga,auth.login,Auth,cmtqvqnhc0001jvf0xqwkav66,"""Angga"" login"
2026-09-09T10:19:01.097Z,Angga,auth.loginFailed,Auth,cmtqvqnhc0001jvf0xqwkav66,"Percobaan login gagal (password salah) untuk ""Angga"""
2026-09-09T10:18:59.851Z,Angga,auth.loginFailed,Auth,cmtqvqnhc0001jvf0xqwkav66,"Percobaan login gagal (password salah) untuk ""Angga"""
2026-09-09T10:18:50.798Z,Super Admin,task.statusChange,Task,cmts8vlec002cjvrsxsjis5an,"Mengubah status task ""Requirement Gathering"" (project ""Project Prima"") menjadi TODO"
2026-09-09T10:18:49.553Z,Super Admin,task.statusChange,Task,cmts8vlec002ajvrscsn17rwa,"Mengubah status task ""Project Insight / Initial Alignment"" (project ""Project Prima"") menjadi TODO"
2026-09-09T10:18:48.289Z,Super Admin,task.statusChange,Task,cmts8vlec002ajvrscsn17rwa,"Mengubah status task ""Project Insight / Initial Alignment"" (project ""Project Prima"") menjadi WAITING_APPROVAL"
2026-09-09T10:18:47.504Z,Super Admin,task.statusChange,Task,cmts8vlec002ljvrsvddbzy7i,"Mengubah status task ""Mechanical Fabrication"" (project ""Project Prima"") menjadi TODO"
2026-09-09T10:18:19.759Z,Super Admin,auth.login,Auth,cmtqv9to20000jv4ssyxfce20,"""Super Admin"" login"
2026-09-09T08:32:37.809Z,Wisnuazi,auth.login,Auth,cmtr1g3eu000yjvs0h7y7a2tl,"""Wisnuazi"" login"
2026-09-09T08:32:21.756Z,Firman,task.statusChange,Task,cmts8vlec002hjvrsete54xvc,"Mengubah status task ""Software: Engineering Breakdown & Design"" (project ""Project Prima"") menjadi DONE"
2026-09-09T08:32:20.792Z,Firman,task.statusChange,Task,cmts8vlec002njvrsns7f64ss,"Mengubah status task ""Software Development (Coding)"" (project ""Project Prima"") menjadi DONE"
2026-09-09T08:32:16.153Z,Firman,task.statusChange,Task,cmts8vlec002hjvrsete54xvc,"Mengubah status task ""Software: Engineering Breakdown & Design"" (project ""Project Prima"") menjadi WAITING_APPROVAL"
2026-09-09T08:31:20.260Z,Firman,task.statusChange,Task,cmts8vlec002qjvrskhlsn5uj,"Mengubah status task ""Functional / Verification Test"" (project ""Project Prima"") menjadi TODO"
2026-09-09T08:29:51.252Z,Firman,auth.login,Auth,cmtr1g3fg0011jvs00u4a8s3q,"""Firman"" login"
2026-09-09T08:29:38.536Z,Tarmono,auth.login,Auth,cmtr1g3e4000qjvs0qkxak1vt,"""Tarmono"" login"
2026-09-09T08:29:01.896Z,Rafif,bomItem.purchasingUpdate,BomItem,cmttu258z0025jvf8hr2hjecs,"Memperbarui status pembelian item MBOM ""qwee"" (project ""Project Prima"") menjadi Sudah Sampai"
2026-09-09T08:29:00.764Z,Rafif,bomItem.purchasingUpdate,BomItem,cmttu2ck10029jvf8e9stqxp4,"Memperbarui status pembelian item MBOM ""ewq"" (project ""Project Prima"") menjadi Sudah Sampai"
2026-09-09T08:28:59.362Z,Rafif,bomItem.purchasingUpdate,BomItem,cmttu2sp5002djvf8ikxrx5j3,"Memperbarui status pembelian item MBOM ""ewq"" (project ""Project Prima"") menjadi Sudah Sampai"
2026-09-09T08:28:57.192Z,Rafif,bomItem.purchasingUpdate,BomItem,cmttu1ui20021jvf8o5eqkcxb,"Memperbarui status pembelian item MBOM ""qwe"" (project ""Project Prima"") menjadi Diproses"
2026-09-09T08:28:53.849Z,Rafif,bomItem.purchasingUpdate,BomItem,cmttu258z0025jvf8hr2hjecs,"Memperbarui status pembelian item MBOM ""qwee"" (project ""Project Prima"") menjadi Diproses"
2026-09-09T08:28:51.447Z,Rafif,bomItem.purchasingUpdate,BomItem,cmttu2ck10029jvf8e9stqxp4,"Memperbarui status pembelian item MBOM ""ewq"" (project ""Project Prima"") menjadi Diproses"
2026-09-09T08:28:47.766Z,Rafif,bomItem.purchasingUpdate,BomItem,cmttu2sp5002djvf8ikxrx5j3,"Memperbarui status pembelian item MBOM ""ewq"" (project ""Project Prima"") menjadi Diproses"
2026-09-09T08:27:45.471Z,Rafif,auth.login,Auth,cmtr1g3d0000djvs018il0b8i,"""Rafif"" login"
2026-09-09T08:27:18.112Z,Angga,bomItem.review,BomItem,cmttu4w08002rjvf85r5wgxjg,"Menolak item MBOM ""sad"" (project ""Project Prima"")"
2026-09-09T08:27:13.555Z,Aryo,bomItem.create,BomItem,cmttu4w08002rjvf85r5wgxjg,"Mengajukan item MBOM ""sad"" (project ""Project Prima"")"
2026-09-09T08:26:59.643Z,Angga,bomItem.review,BomItem,cmttu1ui20021jvf8o5eqkcxb,"Menyetujui item MBOM ""qwe"" (project ""Project Prima"")"
2026-09-09T08:26:58.758Z,Angga,bomItem.review,BomItem,cmttu258z0025jvf8hr2hjecs,"Menyetujui item MBOM ""qwee"" (project ""Project Prima"")"
2026-09-09T08:26:57.369Z,Angga,bomItem.review,BomItem,cmttu2ck10029jvf8e9stqxp4,"Menyetujui item MBOM ""ewq"" (project ""Project Prima"")"
2026-09-09T08:26:56.319Z,Angga,bomItem.review,BomItem,cmttu2sp5002djvf8ikxrx5j3,"Menyetujui item MBOM ""ewq"" (project ""Project Prima"")"
2026-09-09T08:26:03.923Z,Angga,auth.login,Auth,cmtqvqnhc0001jvf0xqwkav66,"""Angga"" login"
2026-09-09T08:25:35.954Z,Aryo,bomItem.create,BomItem,cmttu2sp5002djvf8ikxrx5j3,"Mengajukan item MBOM ""ewq"" (project ""Project Prima"")"
2026-09-09T08:25:15.035Z,Aryo,bomItem.create,BomItem,cmttu2ck10029jvf8e9stqxp4,"Mengajukan item MBOM ""ewq"" (project ""Project Prima"")"
2026-09-09T08:25:05.569Z,Aryo,bomItem.create,BomItem,cmttu258z0025jvf8hr2hjecs,"Mengajukan item MBOM ""qwee"" (project ""Project Prima"")"
2026-09-09T08:24:51.643Z,Aryo,bomItem.create,BomItem,cmttu1ui20021jvf8o5eqkcxb,"Mengajukan item MBOM ""qwe"" (project ""Project Prima"")"
2026-09-09T08:22:57.799Z,Aryo,task.statusChange,Task,cmts8vlec002fjvrsyjk1n0iy,"Mengubah status task ""Mechanical: Engineering Breakdown & Design"" (project ""Project Prima"") menjadi DONE"
2026-09-09T08:22:33.846Z,Aryo,task.statusChange,Task,cmts8vlec002ljvrsvddbzy7i,"Mengubah status task ""Mechanical Fabrication"" (project ""Project Prima"") menjadi IN_PROGRESS"
2026-09-09T08:22:26.514Z,Aryo,task.statusChange,Task,cmts8vlec002fjvrsyjk1n0iy,"Mengubah status task ""Mechanical: Engineering Breakdown & Design"" (project ""Project Prima"") menjadi DONE"
2026-09-09T08:22:23.315Z,Aryo,task.statusChange,Task,cmts8vlec002fjvrsyjk1n0iy,"Mengubah status task ""Mechanical: Engineering Breakdown & Design"" (project ""Project Prima"") menjadi IN_PROGRESS"
2026-09-09T08:22:08.627Z,Aryo,auth.login,Auth,cmtr1g3gi0019jvs0eyzlxgvx,"""Aryo"" login"
2026-09-09T08:21:20.730Z,Angga,task.statusChange,Task,cmts8vlec002djvrsm3i1lldg,"Mengubah status task ""PRD (What & Why)"" (project ""Project Prima"") menjadi WAITING_APPROVAL"
2026-09-09T08:21:18.844Z,Angga,task.statusChange,Task,cmts8vlec002cjvrsxsjis5an,"Mengubah status task ""Requirement Gathering"" (project ""Project Prima"") menjadi WAITING_APPROVAL"
2026-09-09T08:21:15.222Z,Angga,task.statusChange,Task,cmts8vlec002ajvrscsn17rwa,"Mengubah status task ""Project Insight / Initial Alignment"" (project ""Project Prima"") menjadi WAITING_APPROVAL"
2026-09-09T08:21:03.759Z,Angga,task.statusChange,Task,cmts8vlec002cjvrsxsjis5an,"Mengubah status task ""Requirement Gathering"" (project ""Project Prima"") menjadi IN_PROGRESS"
2026-09-09T08:20:53.623Z,Angga,task.statusChange,Task,cmts8vlec002ajvrscsn17rwa,"Mengubah status task ""Project Insight / Initial Alignment"" (project ""Project Prima"") menjadi IN_PROGRESS"
2026-09-09T08:20:48.979Z,Angga,task.statusChange,Task,cmts8vlec002cjvrsxsjis5an,"Mengubah status task ""Requirement Gathering"" (project ""Project Prima"") menjadi TODO"
2026-09-09T08:20:45.895Z,Angga,task.statusChange,Task,cmts8vlec002cjvrsxsjis5an,"Mengubah status task ""Requirement Gathering"" (project ""Project Prima"") menjadi TODO"
2026-09-09T08:20:42.219Z,Angga,task.statusChange,Task,cmts8vlec002djvrsm3i1lldg,"Mengubah status task ""PRD (What & Why)"" (project ""Project Prima"") menjadi IN_PROGRESS"
2026-09-09T08:20:29.501Z,Angga,task.statusChange,Task,cmts8vlec002vjvrsuolz5khz,"Mengubah status task ""Product Release"" (project ""Project Prima"") menjadi TODO"
2026-09-09T08:19:07.382Z,Angga,task.statusChange,Task,cmts8vlec002ajvrscsn17rwa,"Mengubah status task ""Project Insight / Initial Alignment"" (project ""Project Prima"") menjadi TODO"
2026-09-09T08:19:01.313Z,Angga,task.statusChange,Task,cmts8vlec002cjvrsxsjis5an,"Mengubah status task ""Requirement Gathering"" (project ""Project Prima"") menjadi TODO"
2026-09-09T08:18:47.724Z,Angga,task.statusChange,Task,cmts8vlec002ajvrscsn17rwa,"Mengubah status task ""Project Insight / Initial Alignment"" (project ""Project Prima"") menjadi IN_PROGRESS"
2026-09-09T08:18:29.917Z,Angga,task.statusChange,Task,cmts8vlec002djvrsm3i1lldg,"Mengubah status task ""PRD (What & Why)"" (project ""Project Prima"") menjadi TODO"
2026-09-09T08:18:27.474Z,Angga,task.statusChange,Task,cmts8vlec002djvrsm3i1lldg,"Mengubah status task ""PRD (What & Why)"" (project ""Project Prima"") menjadi IN_PROGRESS"
2026-09-09T08:16:58.125Z,Angga,auth.login,Auth,cmtqvqnhc0001jvf0xqwkav66,"""Angga"" login"
2026-09-09T08:16:40.234Z,Rafif,materialRequest.process,MaterialRequest,cmtttmpuz000fjvf8giivlj67,"Memproses pengajuan ""Contoh 2"" (project ""Project Prima"") menjadi COMPLETED"
2026-09-09T08:16:30.861Z,Rafif,materialRequest.process,MaterialRequest,cmtttmpuz000fjvf8giivlj67,"Memproses pengajuan ""Contoh 2"" (project ""Project Prima"") menjadi PROCESSING"
2026-09-09T08:16:10.356Z,Rafif,auth.login,Auth,cmtr1g3d0000djvs018il0b8i,"""Rafif"" login"
2026-09-09T08:14:40.371Z,Angga,materialRequest.review,MaterialRequest,cmtttmpuz000fjvf8giivlj67,"Menyetujui pengajuan ""Contoh 2"" (project ""Project Prima"")"
2026-09-09T08:14:22.655Z,Angga,auth.login,Auth,cmtqvqnhc0001jvf0xqwkav66,"""Angga"" login"
2026-09-09T08:13:54.263Z,Super Admin,user.update,User,cmtqvqnhc0001jvf0xqwkav66,"Mengubah akun user ""Angga"""
2026-09-09T08:13:05.798Z,Super Admin,materialRequest.submit,MaterialRequest,,"Mengajukan bahan baku ""Contoh 2"" untuk project ""Project Prima"""
2026-09-09T08:12:26.652Z,Super Admin,materialRequest.process,MaterialRequest,cmtttkc4s0003jvf8tbhmt5o2,"Memproses pengajuan ""Contoh Item"" (project ""Project Prima"") menjadi COMPLETED"
2026-09-09T08:12:02.159Z,Super Admin,materialRequest.process,MaterialRequest,cmtttkc4s0003jvf8tbhmt5o2,"Memproses pengajuan ""Contoh Item"" (project ""Project Prima"") menjadi PROCESSING"
2026-09-09T08:11:50.916Z,Super Admin,materialRequest.review,MaterialRequest,cmtttkc4s0003jvf8tbhmt5o2,"Menyetujui pengajuan ""Contoh Item"" (project ""Project Prima"")"
2026-09-09T08:11:15.055Z,Super Admin,materialRequest.submit,MaterialRequest,,"Mengajukan bahan baku ""Contoh Item"" untuk project ""Project Prima"""
2026-09-09T07:36:52.362Z,Super Admin,auth.login,Auth,cmtqv9to20000jv4ssyxfce20,"""Super Admin"" login"
2026-09-09T07:32:42.545Z,Wisnuazi,auth.login,Auth,cmtr1g3eu000yjvs0h7y7a2tl,"""Wisnuazi"" login"
2026-09-09T07:31:32.846Z,Agan,asset.create,Asset,,"Menambahkan aset ""__TMP_VERIFY_ASSET_AGAN__"" di Lantai 4 (LT4)"
2026-09-09T07:31:32.809Z,Tarmono,asset.create,Asset,,"Menambahkan aset ""__TMP_VERIFY_ASSET__"" di Lantai 1 (LT1)"
2026-09-09T07:30:15.206Z,Rafif,task.statusChange,Task,cmts8vlec002kjvrsmxmvn6tz,"Mengubah status task ""Purchasing: Material Readiness / Monitoring"" (project ""Project Prima"") menjadi DONE"
2026-09-09T07:30:08.492Z,Rafif,task.statusChange,Task,cmts8vlec002kjvrsmxmvn6tz,"Mengubah status task ""Purchasing: Material Readiness / Monitoring"" (project ""Project Prima"") menjadi TODO"
2026-09-09T07:29:49.213Z,Rafif,task.statusChange,Task,cmtqyjatm001qjvt09aw0vfxj,"Mengubah status task ""Purchasing: Material Readiness / Monitoring"" (project ""Sistem Monitoring Tangki BBM"") menjadi DONE"
2026-09-09T07:28:26.011Z,Agan,auth.login,Auth,cmtr1g3eh000ujvs05wfkt6wm,"""Agan"" login"
2026-09-09T07:28:13.946Z,Angga,auth.loginFailed,Auth,cmtqvqnhc0001jvf0xqwkav66,"Percobaan login gagal (password salah) untuk ""Angga"""
2026-09-09T07:27:35.677Z,Dirga,auth.login,Auth,cmtr1g3fu0015jvs0u5ztl62b,"""Dirga"" login"
2026-09-09T07:26:39.965Z,Rafif,task.statusChange,Task,cmts8vlec002kjvrsmxmvn6tz,"Mengubah status task ""Purchasing: Material Readiness / Monitoring"" (project ""Project Prima"") menjadi REJECTED"
2026-09-09T07:26:33.770Z,Rafif,task.statusChange,Task,cmtqyjatm001qjvt09aw0vfxj,"Mengubah status task ""Purchasing: Material Readiness / Monitoring"" (project ""Sistem Monitoring Tangki BBM"") menjadi IN_PROGRESS"
2026-09-09T07:22:42.536Z,Rafif,auth.login,Auth,cmtr1g3d0000djvs018il0b8i,"""Rafif"" login"
2026-09-09T07:16:13.284Z,Tarmono,auth.login,Auth,cmtr1g3e4000qjvs0qkxak1vt,"""Tarmono"" login"
2026-09-09T07:15:59.387Z,Aryo,auth.login,Auth,cmtr1g3gi0019jvs0eyzlxgvx,"""Aryo"" login"
2026-09-09T07:15:45.672Z,Firman,auth.login,Auth,cmtr1g3fg0011jvs00u4a8s3q,"""Firman"" login"
2026-09-09T07:15:23.471Z,Wisnuazi,auth.login,Auth,cmtr1g3eu000yjvs0h7y7a2tl,"""Wisnuazi"" login"
2026-09-09T07:06:53.230Z,Wisnuazi,kasbonPhase.review,KasbonPhase,cmttprggt001hjvhw0dn2w97b,Menolak realisasi fase kasbon Operational 2026-09 Phase 3 (Wiyanto)
2026-09-09T07:05:44.063Z,Wiyanto,kasbonPhase.submit,KasbonPhase,cmttprggt001hjvhw0dn2w97b,Mengajukan realisasi fase kasbon Operational 2026-09 Phase 3
2026-09-09T07:04:08.097Z,Wisnuazi,kasbonPhase.review,KasbonPhase,cmttprggt001hjvhw0dn2w97b,Menolak realisasi fase kasbon Operational 2026-09 Phase 3 (Wiyanto)
2026-09-09T07:03:32.335Z,Wiyanto,kasbonPhase.submit,KasbonPhase,cmttprggt001hjvhw0dn2w97b,Mengajukan realisasi fase kasbon Operational 2026-09 Phase 3
2026-09-09T07:03:02.446Z,Wiyanto,auth.login,Auth,cmtr1g3dd000gjvs0ovn15ng1,"""Wiyanto"" login"
2026-09-09T07:02:50.885Z,Wisnuazi,kasbonPhase.review,KasbonPhase,cmttprggt001hjvhw0dn2w97b,Menolak realisasi fase kasbon Operational 2026-09 Phase 3 (Wiyanto)
2026-09-09T07:02:47.329Z,Wisnuazi,kasbonPhase.review,KasbonPhase,cmttpm10v000pjvhwuomluatt,Menyetujui realisasi fase kasbon Operational 2026-09 Phase 2 (Super Admin)
2026-09-09T07:01:04.352Z,Wisnuazi,auth.login,Auth,cmtr1g3eu000yjvs0h7y7a2tl,"""Wisnuazi"" login"
2026-09-09T07:00:54.877Z,Wisnuazi,auth.loginFailed,Auth,cmtr1g3eu000yjvs0h7y7a2tl,"Percobaan login gagal (password salah) untuk ""Wisnuazi"""
2026-09-09T07:00:45.209Z,Super Admin,auth.login,Auth,cmtqv9to20000jv4ssyxfce20,"""Super Admin"" login"
2026-09-09T07:00:12.203Z,Wiyanto,kasbonPhase.submit,KasbonPhase,cmttprggt001hjvhw0dn2w97b,Mengajukan realisasi fase kasbon Operational 2026-09 Phase 3
2026-09-09T07:00:08.897Z,Wiyanto,kasbonItem.update,KasbonItem,,"Mengubah item ""xcdfsf"" pada fase kasbon Operational 2026-09 Phase 3"
2026-09-09T07:00:06.298Z,Wiyanto,kasbonItem.update,KasbonItem,,"Mengubah item ""asdad"" pada fase kasbon Operational 2026-09 Phase 3"
2026-09-09T07:00:03.419Z,Wiyanto,kasbonItem.update,KasbonItem,,"Mengubah item ""asdad"" pada fase kasbon Operational 2026-09 Phase 3"
2026-09-09T07:00:02.895Z,Wiyanto,kasbonItem.update,KasbonItem,,"Mengubah item ""xcdfsf"" pada fase kasbon Operational 2026-09 Phase 3"
2026-09-09T06:59:56.459Z,Wiyanto,kasbonItem.update,KasbonItem,,"Mengubah item ""xcdfsf"" pada fase kasbon Operational 2026-09 Phase 3"
2026-09-09T06:59:53.656Z,Wiyanto,kasbonItem.update,KasbonItem,,"Mengubah item ""asdad"" pada fase kasbon Operational 2026-09 Phase 3"
2026-09-09T06:42:19.473Z,Wiyanto,kasbonItem.update,KasbonItem,,"Mengubah item ""asdad"" pada fase kasbon Operational 2026-09 Phase 3"
2026-09-09T06:42:19.323Z,Wiyanto,kasbonItem.update,KasbonItem,,"Mengubah item ""xcdfsf"" pada fase kasbon Operational 2026-09 Phase 3"
2026-09-09T06:29:27.378Z,Wiyanto,kasbonItem.update,KasbonItem,,"Mengubah item ""asdad"" pada fase kasbon Operational 2026-09 Phase 3"
2026-09-09T06:29:22.764Z,Wiyanto,kasbonItem.create,KasbonItem,,"Menambahkan item ""xcdfsf"" pada fase kasbon Operational 2026-09 Phase 3"
2026-09-09T06:29:10.583Z,Wiyanto,kasbonItem.create,KasbonItem,,"Menambahkan item ""asdad"" pada fase kasbon Operational 2026-09 Phase 3"
2026-09-09T06:27:21.664Z,Wiyanto,kasbonItem.create,KasbonItem,,"Menambahkan item ""testing"" pada fase kasbon Operational 2026-09 Phase 3"
2026-09-09T06:24:48.424Z,Wiyanto,kasbonPhase.create,KasbonPhase,cmttprggt001hjvhw0dn2w97b,Membuat fase kasbon Operational 2026-09 Phase 3
2026-09-09T06:24:18.207Z,Wiyanto,auth.login,Auth,cmtr1g3dd000gjvs0ovn15ng1,"""Wiyanto"" login"
2026-09-09T06:22:27.481Z,Super Admin,kasbonPhase.submit,KasbonPhase,cmttpm10v000pjvhwuomluatt,Mengajukan realisasi fase kasbon Operational 2026-09 Phase 2
2026-09-09T06:22:23.839Z,Super Admin,kasbonItem.update,KasbonItem,,"Mengubah item ""Ban"" pada fase kasbon Operational 2026-09 Phase 2"
2026-09-09T06:22:23.125Z,Super Admin,kasbonItem.update,KasbonItem,,"Mengubah item ""Kunci Inggris"" pada fase kasbon Operational 2026-09 Phase 2"
2026-09-09T06:22:06.438Z,Super Admin,kasbonItem.update,KasbonItem,,"Mengubah item ""Ban"" pada fase kasbon Operational 2026-09 Phase 2"
2026-09-09T06:22:02.046Z,Super Admin,kasbonItem.update,KasbonItem,,"Mengubah item ""Ban"" pada fase kasbon Operational 2026-09 Phase 2"
2026-09-09T06:21:59.670Z,Super Admin,kasbonItem.update,KasbonItem,,"Mengubah item ""Kunci Inggris"" pada fase kasbon Operational 2026-09 Phase 2"
2026-09-09T06:21:56.918Z,Super Admin,kasbonItem.update,KasbonItem,,"Mengubah item ""Kunci Inggris"" pada fase kasbon Operational 2026-09 Phase 2"
2026-09-09T06:21:47.817Z,Super Admin,kasbonItem.create,KasbonItem,,"Menambahkan item ""Ban"" pada fase kasbon Operational 2026-09 Phase 2"
2026-09-09T06:21:14.745Z,Super Admin,kasbonItem.create,KasbonItem,,"Menambahkan item ""Kunci Inggris"" pada fase kasbon Operational 2026-09 Phase 2"
2026-09-09T06:20:35.129Z,Super Admin,kasbonPhase.create,KasbonPhase,cmttpm10v000pjvhwuomluatt,Membuat fase kasbon Operational 2026-09 Phase 2
2026-09-09T06:20:20.594Z,Super Admin,kasbonPhase.review,KasbonPhase,cmttpinmq0001jvhwyxdh1vyx,Menyetujui realisasi fase kasbon Operational 2026-09 Phase 1 (Super Admin)
2026-09-09T06:20:11.116Z,Super Admin,kasbonPhase.submit,KasbonPhase,cmttpinmq0001jvhwyxdh1vyx,Mengajukan realisasi fase kasbon Operational 2026-09 Phase 1
2026-09-09T06:19:55.134Z,Super Admin,kasbonItem.update,KasbonItem,,"Mengubah item ""Obeng -"" pada fase kasbon Operational 2026-09 Phase 1"
2026-09-09T06:19:49.741Z,Super Admin,kasbonItem.update,KasbonItem,,"Mengubah item ""Obeng -"" pada fase kasbon Operational 2026-09 Phase 1"
2026-09-09T06:19:43.866Z,Super Admin,kasbonItem.update,KasbonItem,,"Mengubah item ""Obeng -"" pada fase kasbon Operational 2026-09 Phase 1"
2026-09-09T06:19:12.849Z,Super Admin,kasbonItem.create,KasbonItem,,"Menambahkan item ""Obeng -"" pada fase kasbon Operational 2026-09 Phase 1"
2026-09-09T06:17:58.053Z,Super Admin,kasbonPhase.create,KasbonPhase,cmttpinmq0001jvhwyxdh1vyx,Membuat fase kasbon Operational 2026-09 Phase 1
2026-09-09T06:15:29.579Z,Super Admin,auth.login,Auth,cmtqv9to20000jv4ssyxfce20,"""Super Admin"" login"
2026-09-09T04:30:58.868Z,Super Admin,kasbon.realize,Kasbon,cmttkaipp000zjvg07nfs4lrh,"Melaporkan realisasi kasbon ""Pembelian Obeng dan Tools"" sebesar Rp 70.000"
2026-09-09T04:30:41.791Z,Super Admin,kasbonItem.create,KasbonItem,,"Menambahkan item realisasi ""asdadsad"" pada kasbon ""Pembelian Obeng dan Tools"""
2026-09-09T04:29:18.841Z,Super Admin,auth.login,Auth,cmtqv9to20000jv4ssyxfce20,"""Super Admin"" login"
2026-09-09T03:52:10.785Z,Super Admin,kasbon.review,Kasbon,cmttkaipp000zjvg07nfs4lrh,"Menyetujui kasbon ""Pembelian Obeng dan Tools"" (Super Admin)"
2026-09-09T03:51:40.107Z,Super Admin,kasbon.create,Kasbon,cmttkaipp000zjvg07nfs4lrh,"Mengajukan kasbon Rp 478.000 untuk ""Pembelian Obeng dan Tools"" (Engineering, 2026-09)"
2026-09-09T03:51:04.490Z,Super Admin,auth.login,Auth,cmtqv9to20000jv4ssyxfce20,"""Super Admin"" login"
2026-09-09T03:21:55.521Z,Super Admin,auth.login,Auth,cmtqv9to20000jv4ssyxfce20,"""Super Admin"" login"
2026-09-08T07:29:54.727Z,Super Admin,role.rename,Role,quality-control,"Mengubah nama jabatan menjadi ""Quality Control"""
2026-09-08T07:29:41.879Z,Super Admin,role.rename,Role,quality-control,"Mengubah nama jabatan menjadi ""Quality Control"""
2026-09-08T07:29:00.833Z,Firman,task.statusChange,Task,cmts8vlec002hjvrsete54xvc,"Mengubah status task ""Software: Engineering Breakdown & Design"" (project ""Project Prima"") menjadi TODO"
2026-09-08T07:27:22.922Z,Super Admin,auth.login,Auth,cmtqv9to20000jv4ssyxfce20,"""Super Admin"" login"
2026-09-08T07:27:21.048Z,Firman,auth.login,Auth,cmtr1g3fg0011jvs00u4a8s3q,"""Firman"" login"
2026-09-08T07:27:17.251Z,Firman,auth.loginFailed,Auth,cmtr1g3fg0011jvs00u4a8s3q,"Percobaan login gagal (password salah) untuk ""Firman"""
2026-09-08T06:18:09.124Z,Super Admin,project.delete,Project,cmtr02ptz0017jvr8uvxykfon,"Menghapus project ""Testing"" beserta seluruh task dan dokumennya"
2026-09-08T06:01:27.295Z,Agan,auth.login,Auth,cmtr1g3eh000ujvs05wfkt6wm,"""Agan"" login"
2026-09-08T06:01:24.275Z,Angga,auth.loginFailed,Auth,cmtqvqnhc0001jvf0xqwkav66,"Percobaan login gagal (password salah) untuk ""Angga"""
2026-09-08T06:01:17.095Z,Angga,auth.loginFailed,Auth,cmtqvqnhc0001jvf0xqwkav66,"Percobaan login gagal (password salah) untuk ""Angga"""
2026-09-08T06:01:15.973Z,Angga,auth.loginFailed,Auth,cmtqvqnhc0001jvf0xqwkav66,"Percobaan login gagal (password salah) untuk ""Angga"""
2026-09-08T06:01:05.128Z,Angga,auth.loginFailed,Auth,cmtqvqnhc0001jvf0xqwkav66,"Percobaan login gagal (password salah) untuk ""Angga"""
2026-09-08T06:00:51.363Z,Angga,auth.loginFailed,Auth,cmtqvqnhc0001jvf0xqwkav66,"Percobaan login gagal (password salah) untuk ""Angga"""
2026-09-08T06:00:48.949Z,Angga,auth.loginFailed,Auth,cmtqvqnhc0001jvf0xqwkav66,"Percobaan login gagal (password salah) untuk ""Angga"""
2026-09-08T06:00:46.723Z,Angga,auth.loginFailed,Auth,cmtqvqnhc0001jvf0xqwkav66,"Percobaan login gagal (password salah) untuk ""Angga"""
2026-09-08T06:00:26.499Z,Angga,auth.loginFailed,Auth,cmtqvqnhc0001jvf0xqwkav66,"Percobaan login gagal (password salah) untuk ""Angga"""
2026-09-08T05:49:07.791Z,Super Admin,project.update,Project,cmts91pzq0001jvh8fpcvuxrc,"Mengubah project ""__TMP_PIC_PROJECT__"""
2026-09-08T05:49:07.738Z,Super Admin,project.create,Project,cmts91pzq0001jvh8fpcvuxrc,"Membuat project ""__TMP_PIC_PROJECT__"""
2026-09-08T05:44:21.839Z,Super Admin,project.create,Project,cmts8vleb001wjvrs319cc5sk,"Membuat project ""Project Prima"""
2026-09-08T05:22:50.569Z,Super Admin,documentTemplate.create,DocumentTemplate,cmts83x2z001sjvrsgppdm2h0,"Menambahkan template dokumen ""Template PRD"""
2026-09-08T05:20:38.926Z,Super Admin,project.create,Project,cmts813ha0007jvrswu6flct8,"Membuat project ""__TMP_BOM_PROJECT__"""
2026-09-08T05:10:53.172Z,Super Admin,auth.login,Auth,cmtqv9to20000jv4ssyxfce20,"""Super Admin"" login"
2026-09-08T04:51:00.876Z,Super Admin,task.statusChange,Task,cmts6yzil001cjva8yco02awd,"Mengubah status task ""Elec task early"" (project ""__TMP_VERIFY_PERF_PROJECT__"") menjadi DONE"
2026-09-08T04:51:00.834Z,Super Admin,task.create,Task,,"Menambahkan task ""Elec task early"" di project ""__TMP_VERIFY_PERF_PROJECT__"""
2026-09-08T04:51:00.786Z,Super Admin,task.statusChange,Task,cmts6yzfy0016jva8s74349t8,"Mengubah status task ""Mech task late"" (project ""__TMP_VERIFY_PERF_PROJECT__"") menjadi DONE"
2026-09-08T04:51:00.759Z,Super Admin,task.create,Task,,"Menambahkan task ""Mech task late"" di project ""__TMP_VERIFY_PERF_PROJECT__"""
2026-09-08T04:51:00.660Z,Super Admin,project.create,Project,cmts6yzco0001jva8tb70b06e,"Membuat project ""__TMP_VERIFY_PERF_PROJECT__"""
2026-09-08T04:45:58.842Z,Super Admin,task.create,Task,,"Menambahkan task ""Auto-advance test task"" di project ""__TMP_VERIFY_SUBTASK_PROJECT__"""
2026-09-08T04:45:58.723Z,Super Admin,project.create,Project,cmts6sic90007jvbskw478ogq,"Membuat project ""__TMP_VERIFY_SUBTASK_PROJECT__"""
2026-09-08T02:57:10.890Z,Super Admin,material.stockIn,Material,cmts2w41s0000jvbs5mjmiyu9,"Barang masuk: 9 pcs ""GPS module"""
2026-09-08T02:56:48.291Z,Super Admin,material.create,Material,cmts2w41s0000jvbs5mjmiyu9,"Menambahkan bahan baku ""GPS module"""
2026-09-07T17:19:08.848Z,Angga,auth.login,Auth,cmtqvqnhc0001jvf0xqwkav66,"""Angga"" login"
2026-09-07T16:55:22.842Z,Angga,auth.loginFailed,Auth,cmtqvqnhc0001jvf0xqwkav66,"Percobaan login gagal (password salah) untuk ""Angga"""
2026-09-07T16:55:22.256Z,Angga,auth.login,Auth,cmtqvqnhc0001jvf0xqwkav66,"""Angga"" login"
2026-09-07T16:26:12.602Z,Angga,materialRequest.submit,MaterialRequest,,"Mengajukan bahan baku ""Test Activity Log Verification"" untuk project ""Testing"""
# rows: 611
